city_id,city,population,country,lat,lng
2,Delhi,32226000.0,India,28.61,77.23
4,Mumbai,24973000.0,India,19.0761,72.8775
10,Kolkata,21747000.0,India,22.5675,88.37
21,Bangalore,15386000.0,India,12.9789,77.5917
29,Chennai,12395000.0,India,13.0825,80.275
39,Hyderabad,10494000.0,India,17.3617,78.4747
55,Pune,8231000.0,India,18.5203,73.8567
58,Ahmedabad,8009000.0,India,23.0225,72.5714
79,Surat,6538000.0,India,21.205,72.84
90,Prayagraj,5954391.0,India,25.4358,81.8464
150,Belahi,4487379.0,India,26.4,86.25
216,Nadampalaiyam,3458045.0,India,11.0125,76.9714
221,Lucknow,3382000.0,India,26.85,80.95
231,Kannankulam,3243170.0,India,10.52,76.21
250,Jaipur,3073350.0,India,26.9,75.8
261,Kottarassheri,2952254.0,India,10.775,76.651
307,Attadappa,2615266.0,India,11.8689,75.3555
317,Barmhan Kalan,2537000.0,India,19.1972,72.9722
324,Mirzapur,2496970.0,India,25.146,82.569
343,Nagpur,2405665.0,India,21.1497,79.0806
349,Ghaziabad,2375820.0,India,28.67,77.42
371,Supaul,2229076.0,India,26.126,86.605
400,Vadodara,2065771.0,India,22.3,73.2
402,Rajkot,2043000.0,India,22.3,70.7833
404,Vishakhapatnam,2035922.0,India,17.7042,83.2978
413,Indore,1994397.0,India,22.7167,75.8472
427,Abhepur,1895686.0,India,39.41,116.38
428,Thane,1886941.0,India,19.1972,72.9722
437,Bhopal,1798218.0,India,23.2599,77.4126
447,Agra,1760285.0,India,27.18,78.02
448,Peyanvilai,1750176.0,India,8.9,77.9833
452,Pimpri-Chinchwad,1729320.0,India,18.6186,73.8037
461,Patna,1684222.0,India,25.594,85.1376
473,Bilaspur,1625502.0,India,22.09,82.15
476,Ludhiana,1618879.0,India,30.91,75.85
489,Madurai,1561129.0,India,9.9252,78.1198
493,Jamshedpur,1558000.0,India,22.7925,86.1842
510,Nasik,1486053.0,India,19.9975,73.7898
514,Vijayawada,1476931.0,India,16.5193,80.6305
536,Faridabad,1404653.0,India,28.4211,77.3078
543,Najafgarh,1365152.0,India,28.6125,76.9847
569,Meerut,1305429.0,India,28.98,77.71
584,Jabalpur,1267564.0,India,23.1667,79.9333
594,Kalyan,1246381.0,India,19.24,73.13
602,Vasai-Virar,1221233.0,India,19.47,72.8
608,Panipat,1202811.0,India,29.3875,76.97
613,Varanasi,1198491.0,India,25.3189,83.0128
618,Kalleli,1197412.0,India,9.2807,76.8697
627,Srinagar,1180570.0,India,34.09,74.79
630,Aurangabad,1175116.0,India,19.88,75.32
636,Dhanbad,1162472.0,India,23.7998,86.4305
655,Amritsar,1132383.0,India,31.64,74.86
657,Aligarh,1131160.0,India,27.88,78.08
663,Guwahati,1116267.0,India,26.1722,91.7458
688,Howrah,1077075.0,India,22.58,88.3294
690,Ranchi,1073440.0,India,23.36,85.33
692,Gwalior,1069276.0,India,26.2125,78.1775
699,Chandigarh,1055450.0,India,30.75,76.78
708,Jodhpur,1033918.0,India,26.28,73.02
725,Raipur,1010087.0,India,21.2444,81.6306
732,Kota,1001694.0,India,25.18,75.83
736,Bareilly,1000000.0,India,28.3667,79.4306
762,Coimbatore,959823.0,India,11.0008,76.9633
766,Solapur,951558.0,India,17.68,75.92
776,Hubli,943788.0,India,15.3502,75.1376
795,Mysore,920550.0,India,12.3086,76.6531
799,Trichy,916857.0,India,10.7903,78.7047
828,Moradabad,889810.0,India,28.8319,78.7764
843,Tiruppur,877778.0,India,11.1085,77.3411
845,Gurgaon,876824.0,India,28.456,77.029
849,Jalandhar,873725.0,India,31.326,75.5762
882,Bhubaneshwar,837737.0,India,20.27,85.84
897,Narela,809913.0,India,28.85,77.1
898,Bhayandar,809378.0,India,19.29,72.85
912,Karimnagar,797447.0,India,18.4386,79.1288
943,Patiala,763280.0,India,30.34,76.38
950,Shishgarh,753815.0,India,28.72,79.32
963,Trivandrum,743691.0,India,8.5241,76.9366
994,Durgapur,726000.0,India,23.55,87.32
1014,Bhiwandi,709665.0,India,19.2967,73.0631
1017,Bhilwara,709483.0,India,25.35,74.63
1022,Saharanpur,705478.0,India,29.9639,77.5458
1024,Warangal,704570.0,India,17.9689,79.5941
1027,Shiliguri,701489.0,India,26.71,88.43
1038,Salem,693236.0,India,11.65,78.15
1061,Kochi,677381.0,India,9.9312,76.2673
1066,Gorakhpur,673446.0,India,26.7637,83.4039
1074,Guntur,670073.0,India,16.3008,80.4428
1097,Karaikandi,659260.0,India,24.8309,92.6143
1101,Haldwani,656000.0,India,29.22,79.52
1104,Dhulia,655603.0,India,20.8997,74.7697
1119,Bhavnagar,643382.0,India,21.76,72.15
1128,Noida,637272.0,India,28.57,77.32
1131,Bhangar,634107.0,India,22.58,88.42
1143,Bhilai,624700.0,India,21.21,81.38
1144,Mangalore,623841.0,India,12.8717,74.8425
1165,Bihta,617427.0,India,25.5619,84.87
1178,Hasanpur,611533.0,India,28.72,78.28
1186,Cuttack,606007.0,India,20.5236,85.7881
1191,Salimpur,604483.0,India,26.3,83.9167
1203,Raurkela,600000.0,India,22.2492,84.8828
1205,Tumkur,599078.0,India,13.34,77.1
1240,Dehradun,578420.0,India,30.345,78.029
1251,Kottayam,571856.0,India,9.5916,76.5222
1268,Āsansol,563917.0,India,23.68,86.99
1269,Bokaro Steel City,563417.0,India,23.67,86.15
1272,Kolhapur,561489.0,India,16.6917,74.2333
1278,Nava Raipur,560000.0,India,21.161,81.787
1288,Ajmer,551101.0,India,26.4499,74.6399
1290,Nanded,550439.0,India,19.15,77.3
1294,Amravati,549370.0,India,20.9258,77.7647
1302,Nellore,547621.0,India,14.4431,79.9861
1338,Dispur,534872.0,India,26.1397,91.7925
1339,Gulbarga,533587.0,India,17.329,76.825
1348,Bikaner,529007.0,India,28.0167,73.3119
1360,Agartala,522613.0,India,23.8314,91.2869
1373,Chanda,518000.0,India,19.95,79.297
1376,Loni,516082.0,India,28.75,77.28
1380,Ujjain,515215.0,India,23.17,75.79
1397,Jhansi,507000.0,India,25.4486,78.5696
1399,Ulhasnagar,506098.0,India,19.22,73.15
1403,Jammu,502197.0,India,32.73,74.87
1413,Tuticorin,500000.0,India,8.8056,78.145
1424,Purnia,496830.0,India,25.778,87.476
1449,Belgaum,488157.0,India,15.85,74.5
1460,Vellore,484690.0,India,12.9165,79.1325
1468,Malegaon,481228.0,India,20.55,74.55
1473,Jamnagar,479920.0,India,22.47,70.07
1480,Bardoli,475963.0,India,21.12,73.12
1486,Gaya,474093.0,India,24.75,85.01
1508,Ambattur,466205.0,India,13.1143,80.1548
1522,Jalgaon,460468.0,India,21.004,75.568
1524,Chhatarpur,459943.0,India,24.55,79.3527
1533,Kurnool,457633.0,India,15.83,78.05
1552,Udaipur,451100.0,India,24.58,73.68
1558,Wapi,450000.0,India,20.372,72.917
1584,Mathura,441894.0,India,27.4925,77.6736
1602,Sangli,436639.0,India,16.853,74.583
1606,Davangere,435125.0,India,14.4666,75.9242
1615,Calicut,431560.0,India,11.2588,75.7804
1625,Mothihari,426158.0,India,26.65,84.9167
1628,Akola,425817.0,India,20.7,77.0
1672,Bettiah,414453.0,India,26.8014,84.5028
1686,Shorapur,412291.0,India,16.52,76.76
1689,Tinnevelly,411298.0,India,8.7136,77.7567
1692,Bellary,410445.0,India,15.1,76.9167
1693,Bhagalpur,410210.0,India,25.25,87.0
1698,Manampizha,409271.0,India,9.2972,76.65
1719,Delhi Cantonment,405633.0,India,28.6,77.1333
1728,Etawa,402678.0,India,24.18,78.2
1729,Sonipat,402000.0,India,28.99,77.022
1747,Quilon,397419.0,India,8.8932,76.6141
1748,Mulangodi,397419.0,India,9.0,76.6167
1749,Munro Turuttu,397419.0,India,9.0,76.6167
1758,Karur,394719.0,India,10.9601,78.0766
1765,Jalna,393000.0,India,19.841,75.8864
1790,Bairia,386745.0,India,25.7583,84.1489
1794,Bhatpara,386019.0,India,22.87,88.41
1797,Sirur,385414.0,India,18.83,74.38
1803,Kakinada,384182.0,India,16.9661,82.255
1823,Panihati,377347.0,India,22.69,88.37
1832,Rohtak,374292.0,India,28.8909,76.5796
1833,Maler Kotla,374000.0,India,30.5167,75.8833
1860,Kolga,365253.0,India,22.35,82.68
1861,Korba,365253.0,India,22.3458,82.6963
1895,Sikar,359293.0,India,27.62,75.15
1904,Sasaram,358283.0,India,24.95,84.03
1911,Karnal,357334.0,India,29.686,76.989
1916,Brahmapur,355823.0,India,19.315,84.7941
1939,Ahmadnagar,350859.0,India,19.08,74.73
1964,Shahjanpur,346103.0,India,27.88,79.91
1966,Āvadi,345996.0,India,13.1147,80.1098
1969,Khanapur,345839.0,India,15.6394,74.5083
1974,Cuddapah,344893.0,India,14.47,78.82
1977,Alamadi,344701.0,India,13.1097,80.0972
1990,Rajahmundry,341831.0,India,16.98,81.78
1996,Alwar,341422.0,India,27.5498,76.6355
2018,Sambalpur,335761.0,India,21.47,83.97
2026,Muzaffarpur,333200.0,India,26.1225,85.3906
2051,Kamarhati,330211.0,India,22.6686,88.3704
2057,Campiernagar,329104.0,India,27.029,83.2668
2062,Bijapur,327427.0,India,16.83,75.71
2066,Ratnagiri,327120.0,India,16.9944,73.3
2078,Jagdalpur,325463.0,India,19.18,81.92
2079,Rampur,325248.0,India,28.8,79.0
2096,Shimoga,322650.0,India,13.9333,75.5667
2104,Kashipur,321623.0,India,29.22,78.95
2112,Junagadh,320250.0,India,21.5222,70.4579
2129,Hapur,317004.0,India,28.7309,77.7757
2135,Pattikad,315957.0,India,10.5276,76.2144
2138,Trichur,315596.0,India,10.5276,76.2144
2150,Barddhaman,314265.0,India,23.2333,87.8667
2165,Panvel,311434.0,India,18.9944,73.1139
2167,Nizamabad,311152.0,India,18.672,78.094
2195,Parbhani,307170.0,India,19.27,76.78
2198,Hisar,307024.0,India,29.15,75.7
2204,Fatehpur,305638.0,India,27.98,74.95
2205,Birania,305638.0,India,27.98,74.95
2217,Karaikkudi,303291.0,India,10.0735,78.7732
2221,Lachhmangarh Sikar,302956.0,India,27.8225,75.0253
2237,Oulgaret,300104.0,India,11.9265,79.7789
2239,Ingraj Bazar,300088.0,India,25.0119,88.1433
2246,Bada Barabil,300000.0,India,22.12,85.4
2266,Bihar,297268.0,India,25.197,85.518
2274,Darbhanga,296039.0,India,26.17,85.9
2276,Idar,295971.0,India,23.839,73.002
2286,Sikandarabad,294858.0,India,28.4512,77.6955
2299,Āizawl,293416.0,India,23.7272,92.7178
2300,Bali,293373.0,India,22.65,88.34
2314,Surajgarha,290998.0,India,25.25,86.23
2321,Nagercoil,289916.0,India,8.175,77.4306
2325,Dewas,289550.0,India,22.96,76.06
2335,Sonpur,288102.0,India,25.7,85.18
2336,Hugli,288090.0,India,22.9,88.39
2337,Chunchura,288090.0,India,22.9,88.39
2344,Ichalkaranji,287570.0,India,16.7,74.47
2345,Tirupati,287482.0,India,13.65,79.42
2355,Bhatinda,285813.0,India,30.23,74.9519
2376,Satna,283004.0,India,24.6005,80.8322
2400,Mau,278745.0,India,25.9417,83.5611
2403,Barasat,278435.0,India,22.72,88.48
2419,Farrukhabad,275754.0,India,27.39,79.581
2426,Saugor,274556.0,India,23.83,78.71
2428,Khorabar,274403.0,India,26.741,83.888
2432,Ratlam,273892.0,India,23.334,75.037
2465,Handwara,269311.0,India,34.3997,74.2817
2470,Drug,268806.0,India,21.19,81.28
2487,Anantapur,267161.0,India,14.68,77.599
2504,Imphal,264986.0,India,24.8074,93.9384
2530,Arrah,261430.0,India,25.5514,84.6603
2547,Sivakasi,260047.0,India,9.4533,77.8024
2563,Etawah,256838.0,India,26.77,79.03
2572,Malkajgiri,255899.0,India,17.4519,78.5362
2587,Tuni,254425.0,India,17.35,82.55
2595,Amarnath,253475.0,India,19.209,73.186
2597,Rapar,253137.0,India,23.57,70.63
2598,Samastipur,253136.0,India,25.8629,85.7811
2599,Gokak,253000.0,India,16.1667,74.8333
2610,Begusarai,252008.0,India,25.42,86.13
2619,Nedumana,251384.0,India,8.9139,76.6889
2638,New Delhi,249998.0,India,28.6139,77.2089
2644,Tiruvottiyur,249446.0,India,13.16,80.3
2648,Ramnagar,249102.0,India,27.17,84.32
2652,Gandhidham,248705.0,India,23.08,70.13
2654,Salumbar,248337.0,India,24.08,74.02
2686,Puducherry,244377.0,India,11.9167,79.8167
2694,Kanpur,243800.0,India,26.4499,80.3319
2702,Ramgundam,242979.0,India,18.7639,79.475
2707,Pandharpur,242515.0,India,17.6778,75.3278
2725,Masaurhi Buzurg,241216.0,India,25.35,85.02
2727,Alleppey,240991.0,India,9.49,76.33
2731,Katihar,240565.0,India,25.53,87.58
2743,Ahor,239642.0,India,25.367,72.783
2754,Ganganagar,237780.0,India,29.92,73.88
2765,Tinkhang,236571.0,India,27.23,95.17
2766,Rewa,236519.0,India,24.5381,81.2953
2782,Uluberiya,235345.0,India,22.47,88.11
2783,Bulandshahr,235310.0,India,28.4069,77.8497
2802,Raichur,234073.0,India,16.2,77.37
2805,Chauhanpatti,233691.0,India,25.15,82.6
2816,Cannanore,232486.0,India,11.8745,75.3704
2824,Machilipatnam,232000.0,India,16.17,81.13
2846,Pali,229956.0,India,25.77,73.33
2847,Songadh,229782.0,India,21.167,73.564
2848,Gadda Madiral,229644.0,India,18.7519,79.5133
2849,Hosur,229528.0,India,12.7409,77.8253
2855,Haridwar,228832.0,India,29.945,78.163
2856,Vizianagaram,228720.0,India,18.1159,83.406
2866,Pathardi,228279.0,India,19.17,75.18
2869,Mel Palaiyam,227895.0,India,8.7,77.7069
2875,Khatima,227226.0,India,28.9198,79.9699
2877,Petlad,227031.0,India,22.47,72.8
2894,Pudukkottai,225500.0,India,10.3833,78.8001
2896,Nadiad,225132.0,India,22.69,72.86
2919,Tanjore,222943.0,India,10.787,79.1378
2934,Kichha,221965.0,India,28.92,79.5
2936,Katri,221875.0,India,23.48,80.4
2944,Dagarua,221229.0,India,25.8,87.64
2948,Sambhal,220813.0,India,28.58,78.55
2957,Singrauliya,220257.0,India,24.202,82.666
2980,Naihati,217900.0,India,22.89,88.42
2984,Jaynagar,217820.0,India,26.5925,86.1372
2997,Yamunanagar,216628.0,India,30.133,77.288
3007,Pallavaram,215417.0,India,12.9675,80.1491
3014,Khargone,215000.0,India,21.82,75.6187
3034,Secunderabad,213698.0,India,17.4399,78.4983
3040,Monghyr,213101.0,India,25.381,86.465
3042,Chapra,212955.0,India,25.7848,84.7274
3051,Bhadravati,212073.0,India,13.8485,75.705
3062,Panchkula,211355.0,India,30.74,76.8
3065,Burhanpur,210891.0,India,21.3114,76.2289
3081,Kapra,209882.0,India,17.4859,78.5651
3093,Nowgong,209000.0,India,26.3504,92.6796
3101,Ambala,207934.0,India,30.38,76.78
3109,Kharagpur,207604.0,India,22.3302,87.3237
3114,Robertsonpet,207350.0,India,12.9563,78.2754
3115,Dindigul,207327.0,India,10.35,77.95
3120,Raniwara Kalan,206831.0,India,24.75,72.2167
3126,Shimla,206575.0,India,31.1033,77.1722
3131,Hospet,206167.0,India,15.2689,76.3909
3137,Maldah,205521.0,India,25.0044,88.1458
3144,Ongole,204746.0,India,15.506,80.049
3160,Ellore,203780.0,India,16.7117,81.1031
3170,Deoghar,203116.0,India,24.48,86.7
3176,Chhindwara,202688.0,India,22.057,78.9396
3180,Mokameh,202411.0,India,25.3898,85.9191
3207,Puri,201026.0,India,19.8106,85.8314
3211,Haldia,200827.0,India,22.0667,88.0698
3213,Khandwa,200738.0,India,21.82,76.35
3217,Nandyal,200516.0,India,15.48,78.48
3219,Morena,200483.0,India,26.5,78.0
3230,Karjat,200000.0,India,18.55,75.0
3231,Kasba Pataspur,200000.0,India,22.0216,87.5423
3240,Drabar,199429.0,India,33.43,75.09
3249,Amroha,198471.0,India,28.9044,78.4675
3254,Rani,198194.0,India,9.3667,76.7667
3256,Chakradharpur,197953.0,India,22.7,85.63
3259,Bhiwani,197662.0,India,28.78,76.13
3261,Bhind,197585.0,India,26.5647,78.7864
3281,Khammam,196283.0,India,17.2473,80.1514
3282,Madhyamgram,196127.0,India,22.7,88.45
3286,Ghandinagar,195891.0,India,23.2231,72.65
3300,Baharampur,195223.0,India,24.1,88.25
3305,Morbi,194947.0,India,22.82,70.83
3342,Rae Bareli,191316.0,India,26.2236,81.2403
3354,Orai,190575.0,India,25.98,79.47
3359,Mahbubnagar,190400.0,India,16.7488,78.0035
3371,Murtazabad,189117.0,India,28.7111,77.2688
3384,Bhuj,188236.0,India,23.25,69.67
3395,Ratanpur,187573.0,India,23.0851,72.5716
3398,Bhusaval,187421.0,India,21.05,75.77
3413,Bahraigh,186223.0,India,27.575,81.594
3419,Umreth,185320.0,India,22.6986,73.1156
3425,Ittikara,185008.0,India,8.8633,76.6972
3427,Mahesana,184991.0,India,23.6,72.4
3432,Alasandigutta,184625.0,India,15.6244,77.2731
3447,Raiganj,183612.0,India,25.62,88.12
3453,Batala,183314.0,India,31.8186,75.2028
3463,Palanpur,182592.0,India,24.1722,72.4333
3464,Sirsa,182534.0,India,29.5333,75.0167
3468,Dinapore,182241.0,India,25.6225,85.0417
3471,Tambaram,182071.0,India,12.831,80.0459
3473,Shrirampur,181842.0,India,22.75,88.34
3480,Himatnagar,181137.0,India,23.6,72.95
3485,Guna,180935.0,India,24.65,77.32
3489,Nawada,180740.0,India,24.88,85.53
3498,Jaunpur,180362.0,India,25.73,82.68
3502,Mahad,180191.0,India,18.083,73.417
3503,Madanapalle,180180.0,India,13.55,78.5
3512,Wadlakonda,180000.0,India,17.7736,79.575
3513,Bhachau,180000.0,India,23.296,70.343
3515,Shivpuri,179977.0,India,25.43,77.65
3527,Satara,179147.0,India,17.688,74.006
3534,Vada,178370.0,India,19.39,73.08
3537,Phillaur,178198.0,India,31.03,75.78
3544,Unnao,177658.0,India,26.55,80.49
3548,Sitapur,177351.0,India,27.57,80.66
3554,Kalamboli,177154.0,India,19.2333,73.1333
3559,Saila,176682.0,India,25.333,72.367
3567,Waraseoni,176291.0,India,21.7647,80.0494
3569,Mauli,176152.0,India,30.699,76.693
3570,Harnaut,176140.0,India,25.3694,85.5319
3581,Chittoor,175647.0,India,13.216,79.098
3585,Navadwip,175474.0,India,23.42,88.37
3590,Kotdwara,175232.0,India,29.75,78.53
3593,Pilibhit,175000.0,India,28.6267,79.8058
3617,Cuddalore,173676.0,India,11.75,79.75
3626,Gondal,173353.0,India,21.958,70.795
3629,Deo,173216.0,India,24.6583,84.4378
3636,Silchar,172830.0,India,24.82,92.8
3637,Chirala,172826.0,India,15.8246,80.3521
3638,Gadag,172813.0,India,15.4167,75.6167
3651,Tiruvannamalai,172348.0,India,12.13,79.07
3654,Bidar,172298.0,India,17.912,77.52
3674,Villupuram,171131.0,India,11.9401,79.4861
3675,Nawsari,171109.0,India,20.95,72.93
3694,Valsad,170060.0,India,20.61,72.926
3708,Medinipur,169264.0,India,22.424,87.319
3717,Damoh,168916.0,India,23.8331,79.4419
3727,Haripur,168443.0,India,31.53,75.92
3729,Neyveli,168368.0,India,11.6088,79.4994
3736,Baramula,167986.0,India,34.198,74.364
3746,Malkapur,167740.0,India,20.885,76.2
3750,Jind,167592.0,India,29.3167,76.3167
3759,Chandannagar,166867.0,India,22.87,88.38
3767,Ādoni,166344.0,India,15.6279,77.2749
3788,Udipi,165401.0,India,13.3389,74.7451
3790,Fyzabad,165228.0,India,26.773,82.146
3796,Sawai Madhopur,165000.0,India,26.0,76.35
3801,Tenali,164937.0,India,16.239,80.645
3809,Conjeeveram,164384.0,India,12.8185,79.6947
3816,Madhubani,164156.0,India,26.3519,86.0719
3819,Proddatur,163970.0,India,14.75,78.55
3826,Sultanpur Mazra,163716.0,India,28.6981,77.0689
3854,Godhra,161925.0,India,22.7772,73.6203
3857,Multai,161819.0,India,21.77,78.25
3870,Pangzawl,161428.0,India,22.91,92.76
3873,Prantij,161279.0,India,23.4384,72.8572
3904,Moga,159897.0,India,30.822,75.174
3912,Budaun,159221.0,India,28.05,79.12
3915,Uttarpara,159147.0,India,22.67,88.35
3918,Daltonganj,158941.0,India,24.03,84.07
3933,Jamkhed,158380.0,India,18.72,75.32
3935,Bharuch,158253.0,India,21.712,72.993
3956,Lunglei,157000.0,India,22.88,92.73
3967,Saharsa,156540.0,India,25.88,86.6
3983,Vidisha,155959.0,India,23.53,77.82
3984,Pathankot,155909.0,India,32.2668,75.6
3994,Karwar,155213.0,India,14.8,74.13
4003,Thanesar,154962.0,India,29.9667,76.8167
4005,Kishangarh,154886.0,India,26.57,74.87
4014,Rudarpur,154485.0,India,28.98,79.4
4016,Tindwara,154428.0,India,25.4833,80.3333
4018,Nalgonda,154326.0,India,17.0575,79.2684
4024,Dibrugarh,154019.0,India,27.48,95.0
4029,Veraval,153696.0,India,20.9159,70.3629
4035,Betul Bazar,153330.0,India,21.905,77.902
4038,Balurghat,153279.0,India,25.22,88.76
4040,Jorhat,153249.0,India,26.75,94.22
4044,Krishnanagar,153062.0,India,23.4,88.5
4051,Barakpur,152783.0,India,22.76,88.37
4052,Porbandar,152760.0,India,21.6417,69.6293
4074,Shantipur,151777.0,India,23.25,88.43
4075,Hindupur,151677.0,India,13.83,77.49
4079,Beawar,151472.0,India,26.1,74.32
4081,Bhalswa Jahangirpur,151427.0,India,28.7354,77.1638
4086,Erode,151184.0,India,11.3409,77.7171
4096,Sibsagar,150781.0,India,26.9844,94.6375
4113,Nangloi Jat,150371.0,India,28.6833,77.0667
4127,Soro,150000.0,India,21.29,86.69
4163,Nuzvid,148590.0,India,16.7881,80.8465
4172,Sitarganj,148266.0,India,28.93,79.7
4193,Hajipur,147688.0,India,25.6925,85.2084
4206,Habra,147221.0,India,22.83,88.63
4215,Bara Banki,146831.0,India,26.92,81.2
4219,Bir,146709.0,India,18.99,75.76
4234,Narnaul,145897.0,India,28.0444,76.1056
4235,Chitaldrug,145853.0,India,14.23,76.4
4240,Etah,145601.0,India,27.63,78.67
4247,Abohar,145302.0,India,30.1334,74.2001
4259,Kaithal,144915.0,India,29.8015,76.3998
4271,Balasore,144373.0,India,21.5033,86.925
4286,Koiridih,143529.0,India,24.18,86.3
4299,Shillong,143229.0,India,25.5822,91.8944
4305,Rewari,143021.0,India,28.18,76.62
4317,Hazaribagh,142489.0,India,23.98,85.35
4324,Bhimavaram,142184.0,India,16.543,81.523
4338,Mandsaur,141667.0,India,24.072,75.069
4339,Chas,141640.0,India,23.63,86.17
4368,Port Blair,140572.0,India,11.6683,92.7378
4376,Harchandpur,140274.0,India,26.36,81.17
4378,Kumbakonam,140156.0,India,10.9602,79.3845
4394,Aul,139628.0,India,20.67,86.64
4420,Kolar,138462.0,India,13.1333,78.1333
4430,Chicacole,137944.0,India,18.3,83.9
4444,Bankura,137386.0,India,23.25,87.07
4445,Mandya,137358.0,India,12.52,76.9
4450,Dehri,137231.0,India,24.91,84.18
4461,Durgauti,136962.0,India,25.2114,83.5308
4470,Mainpuri,136557.0,India,27.23,79.02
4489,Talaivasal,136026.0,India,11.5867,78.7583
4504,Raigarh,135363.0,India,21.8974,83.395
4509,Haraipur,135066.0,India,26.22,84.36
4510,Siwan,135066.0,India,26.22,84.36
4553,Kalol,133737.0,India,23.246,72.496
4568,Hassan,133436.0,India,13.012,76.068
4573,Lalitpur,133305.0,India,24.69,78.41
4589,Paramagudi,133000.0,India,9.5494,78.5891
4595,Gondia,132821.0,India,21.4598,80.195
4606,Dalupura,132628.0,India,28.6004,77.3194
4618,Naryai ka Puri,132072.0,India,26.52,78.35
4623,Palwal,131926.0,India,28.1447,77.3255
4644,Palghat,130955.0,India,10.775,76.651
4664,Ānand,130462.0,India,22.556,72.951
4670,Botad,130302.0,India,22.17,71.67
4688,Mukerian,129841.0,India,31.95,75.62
4697,Hanumangarh,129654.0,India,29.58,74.32
4698,Jetpur,129653.0,India,21.7542,70.6222
4699,Arcot,129640.0,India,12.9047,79.3238
4701,Kanchrapara,129576.0,India,22.9456,88.4332
4736,Hoshangabad,128599.0,India,22.7475,77.7274
4746,Khanna,128137.0,India,30.7,76.22
4770,Nagda,127484.0,India,23.4564,75.4131
4791,Hardoi,126851.0,India,27.42,80.12
4814,Guntakal,126270.0,India,15.17,77.38
4816,Pithampur,126099.0,India,22.6197,75.6933
4825,Patan,125497.0,India,23.85,72.125
4831,Basirhat,125254.0,India,22.6572,88.8942
4833,Raxaul,125210.0,India,26.9833,84.85
4842,Halisahar,124939.0,India,22.9469,88.4184
4844,Jagadhri,124894.0,India,30.168,77.301
4853,Sunam,124590.0,India,30.13,75.8
4855,Rishra,124577.0,India,22.71,88.35
4857,Jharsugra,124500.0,India,21.85,84.03
4896,Nandgaon,123191.0,India,20.307,74.657
4902,Alwal,123031.0,India,17.5047,78.5038
4912,Dimapur,122834.0,India,25.9092,93.7266
4931,Sarangapuram,122368.0,India,18.9447,78.9936
4932,Bhadrakh,122119.0,India,21.0545,86.5156
4935,Dharmavaram,121874.0,India,14.43,77.72
4959,Ambikapur,121071.0,India,23.12,83.2
4960,Puruliya,121067.0,India,23.34,86.36
4965,Ghazipur,121020.0,India,25.58,83.57
4981,Bagaha,120736.0,India,27.0992,84.09
4987,Gurdaspur,120564.0,India,32.0333,75.4
4993,Tindivanam,120405.0,India,12.2267,79.6504
5002,Khurda,120204.0,India,20.18,85.62
5013,Hengken,120000.0,India,24.346,93.7
5014,Nokha,120000.0,India,27.6,73.42
5015,Jandrapeta,120000.0,India,15.8246,80.3521
5023,Yelahanka,119891.0,India,13.1007,77.5963
5043,Namakkal,119491.0,India,11.2167,78.1667
5059,Darjeeling,118805.0,India,27.0375,88.2631
5070,Sopur,118608.0,India,34.3,74.47
5081,Chikmagalur,118401.0,India,13.313,75.737
5091,Gudivada,118167.0,India,16.43,80.99
5098,Amreli,117967.0,India,21.6006,71.2164
5100,Phagwara,117954.0,India,31.22,75.77
5129,Adilabad,117167.0,India,19.67,78.53
5140,Baripada,116874.0,India,21.94,86.72
5152,Yavatmal,116551.0,India,20.24,78.06
5153,Titagarh,116541.0,India,22.74,88.37
5156,Barnala,116450.0,India,30.37,75.54
5160,Chittaurgarh,116406.0,India,24.88,74.63
5170,Narasaraopet,116250.0,India,16.236,80.0498
5194,Chidambaram,115913.0,India,11.407,79.6912
5212,Kovilpatti,115434.0,India,9.1744,77.8688
5215,Bijnor,115381.0,India,29.37,78.13
5249,Dam Dam,114786.0,India,22.6352,88.4143
5300,Vejalpur,113304.0,India,23.0061,72.5165
5325,Balangir,112544.0,India,20.72,83.48
5327,Shegaon,112539.0,India,20.7944,76.6944
5339,Magra,112267.0,India,22.9793,88.3748
5340,Mahasamund,112228.0,India,21.11,82.1
5342,Rajpura,112193.0,India,30.484,76.594
5350,Bagalkot,112090.0,India,16.1817,75.6958
5351,Osmanabad,112085.0,India,18.3194,76.0736
5356,Kalianpur,112014.0,India,26.5191,80.2498
5357,Shujalpur,112000.0,India,23.4,76.72
5358,Sahibganj,111954.0,India,25.25,87.65
5388,Champdani,111251.0,India,22.802,88.346
5390,Disa,111160.0,India,24.2501,72.1822
5398,Nandurbar,111000.0,India,21.37,74.25
5399,Purwa Utar,110983.0,India,26.068,83.184
5423,Ferozepore,110313.0,India,30.9166,74.6
5434,Mancheral,110000.0,India,18.8714,79.4443
5442,Mirialguda,109891.0,India,16.8667,79.5833
5478,Sehore,109118.0,India,23.2,77.08
5484,Bangaon,108864.0,India,23.07,88.82
5497,Khopoli,108648.0,India,18.789,73.343
5508,Islamabad,108505.0,India,33.7353,75.1478
5510,Khardah,108496.0,India,22.72,88.38
5517,Mungeli,108387.0,India,22.07,81.68
5523,Tadpatri,108171.0,India,14.92,78.02
5546,Gharbara,107676.0,India,28.47,77.51
5549,Sultanpur,107640.0,India,26.2583,82.0722
5558,Shikohabad,107404.0,India,27.1,78.6
5562,Jalpaiguri,107341.0,India,26.52,88.73
5564,Shamli,107233.0,India,29.45,77.32
5568,Bhilai Karanja,107170.0,India,21.2198,81.4575
5584,Suriapet,106805.0,India,17.1415,79.6236
5593,Wardha,106444.0,India,20.7417,78.6056
5599,Ranibennur,106406.0,India,14.6167,75.6167
5614,Barnoi,106169.0,India,32.43,75.43
5618,Sitamarhi,106093.0,India,26.6,85.48
5635,Kishanganj,105782.0,India,26.0794,87.9372
5644,Hindaun,105690.0,India,26.74,77.03
5646,Semari,105686.0,India,24.0555,73.8566
5652,Gangawati,105529.0,India,15.43,76.53
5663,North Lakhimpur,105376.0,India,27.2414,94.1056
5681,Makrana,105080.0,India,27.0409,74.7273
5686,Sheopur,105026.0,India,25.67,76.7
5709,Ballia,104424.0,India,25.7604,84.1471
5723,Tadepallegudem,104032.0,India,16.815,81.526
5731,Bansbaria,103920.0,India,22.97,88.4
5755,Bundi,103286.0,India,25.44,75.64
5773,Amaravati,103000.0,India,16.5131,80.5165
5777,Negapatam,102905.0,India,10.7672,79.8449
5780,Buxar,102861.0,India,25.5605,83.9805
5796,Kheda,102587.0,India,22.75,72.68
5801,Tezpur,102505.0,India,26.63,92.8
5807,Seoni,102343.0,India,22.08,79.53
5822,Rishikesh,102138.0,India,30.1083,78.2972
5839,Kapurthala,101854.0,India,31.38,75.38
5848,Dhamtari,101677.0,India,20.71,81.55
5849,Raneswar,101667.0,India,24.0311,87.4197
5853,Brajarajnagar,101585.0,India,21.8167,83.9167
5855,Sujangarh,101528.0,India,27.7,74.47
5859,Bhadreswar,101477.0,India,22.82,88.35
5866,Chilakalurupet,101398.0,India,16.0892,80.1672
5880,Jeypore,101145.0,India,18.8563,82.5716
5887,Karanja,100947.0,India,20.4833,77.4833
5913,Kalyani,100575.0,India,22.975,88.4344
5918,Datia,100466.0,India,25.67,78.47
5924,Gangtok,100286.0,India,27.33,88.62
5944,Suramala,100000.0,India,13.76,79.7
5945,Barod,100000.0,India,27.8947,76.3681
5946,Bijaynagar,100000.0,India,25.93,74.6386
5947,Khambhaliya,100000.0,India,22.2,69.65
5948,Abbigeri,100000.0,India,13.0767,77.525
5949,Kundli,100000.0,India,28.99,77.022
5950,Sojat,100000.0,India,25.92,73.67
5951,Navalyal,100000.0,India,16.48,74.78
5957,Luckeesarai,99979.0,India,25.1678,86.0944
5968,Kadaiyanallur,99807.0,India,9.0743,77.3419
5980,Tinsukia,99507.0,India,27.5,95.367
5989,Tellicherry,99386.0,India,11.7481,75.4929
5992,Itarsi,99330.0,India,22.6115,77.7623
6016,Kohima,99039.0,India,25.67,94.1
6030,Khambhat,98700.0,India,22.3,72.62
6038,Mahuva,98519.0,India,21.0833,71.8
6084,Deoni Buzurg,97598.0,India,18.2639,77.0822
6089,Kalluru,97483.0,India,15.8344,78.0292
6115,Bodinayakkanur,96901.0,India,10.0101,77.3511
6145,Harihar,96422.0,India,14.5129,75.8072
6167,Amalner,95994.0,India,21.05,75.05
6169,Sardarshahr,95911.0,India,28.4401,74.4908
6185,Dhulian,95706.0,India,24.681,87.954
6191,Zerakpur,95553.0,India,30.65,76.82
6192,Tandwa,95516.0,India,26.55,82.65
6200,Tiruchengodu,95335.0,India,11.379,77.8949
6203,Pedagadi,95291.0,India,17.6615,83.2104
6206,Nagina,95246.0,India,29.443,78.433
6209,Chakdaha,95203.0,India,23.08,88.52
6211,Closepet,95167.0,India,12.723,77.286
6213,Emmiganur,95149.0,India,15.7333,77.4833
6214,Yalamakuru,95149.0,India,15.5103,77.5249
6223,Vaniyambadi,95061.0,India,12.6825,78.6167
6228,Nabha,95000.0,India,30.37,76.15
6241,Kangan,94874.0,India,34.263,74.903
6253,Bhadohi,94620.0,India,25.42,82.57
6258,Allinagaram,94453.0,India,10.0119,77.4786
6263,Vasco Da Gama,94393.0,India,15.3981,73.8111
6264,Marmagao,94393.0,India,15.4,73.8
6289,Dhar,93917.0,India,22.5972,75.3042
6326,Dod Ballapur,93105.0,India,13.292,77.543
6347,Akot,92637.0,India,21.1,77.06
6365,Contai,92226.0,India,21.78,87.75
6370,Kot Kapura,91979.0,India,30.5833,74.9
6414,Mandvi,91330.0,India,22.8333,69.3556
6419,Rayachoti,91234.0,India,14.0583,78.7517
6421,Paloncha,91196.0,India,17.6018,80.7051
6431,Parli Vaijnath,90975.0,India,18.85,76.53
6437,Sivaganga,90803.0,India,9.8433,78.4809
6441,Ramagiri Udayagiri,90774.0,India,19.1619,84.144
6457,Ponnani,90491.0,India,10.77,75.9
6462,Jamtara,90426.0,India,23.9633,86.8014
6483,Pollachi,90180.0,India,10.659,77.008
6491,Kavali,90099.0,India,14.913,79.9929
6517,Sankeshwar,89627.0,India,16.27,74.48
6529,Kadiri,89429.0,India,14.12,78.17
6546,Phusro,89178.0,India,23.77,85.99
6554,Kairana,89000.0,India,29.3953,77.2053
6577,Rasipuram,88584.0,India,11.4618,78.1909
6578,Najibabad,88535.0,India,29.6128,78.3425
6589,Nirmal,88433.0,India,19.1,78.35
6590,Nirala,88433.0,India,19.8143,78.1662
6591,Ootacamund,88430.0,India,11.41,76.7
6604,Jangipur,88165.0,India,24.4691,88.1032
6609,Sangrur,88043.0,India,30.2506,75.8442
6622,Mettupalaiyam,87905.0,India,11.2341,76.9067
6625,Jumri Tilaiya,87867.0,India,24.4289,85.5355
6633,Aruppukkottai,87722.0,India,9.5139,78.1002
6635,Faridkot,87695.0,India,30.67,74.76
6639,Madgaon,87650.0,India,15.2736,73.9581
6644,Palangotu Adwar,87535.0,India,32.7888,76.0009
6663,Jamui,87357.0,India,24.9278,86.2239
6688,Kumarapalaiyam,86945.0,India,11.4416,77.6907
6702,Hansi,86770.0,India,29.1,75.97
6706,Shahdol,86681.0,India,23.28,81.35
6716,Anakapalle,86519.0,India,17.6913,83.0039
6722,Nimbahera,86453.0,India,24.62,74.68
6724,Nachchandupatti,86422.0,India,10.3238,78.7233
6748,Sarni,86141.0,India,22.104,78.173
6778,Basoda,85716.0,India,23.8515,77.9365
6784,Maratturai,85632.0,India,11.1536,79.5329
6792,Karad,85500.0,India,17.285,74.184
6796,Chinnachauku,85442.0,India,14.4732,78.8451
6806,Garulia,85336.0,India,22.82,88.37
6809,Chanwari,85317.0,India,23.1917,82.3542
6812,Krishnagiri,85254.0,India,12.5317,78.2174
6817,Harda Khas,85136.0,India,22.3441,77.0954
6824,Mhow,85023.0,India,22.55,75.76
6857,Dhoraji,84545.0,India,21.7337,70.4499
6863,Virappanchathiram,84453.0,India,11.3553,77.6678
6894,Laharpur,84000.0,India,27.72,80.9
6900,Channapatna,83921.0,India,12.6514,77.2067
6909,Pilkhua,83736.0,India,28.712,77.6545
6913,Tiruppattur,83612.0,India,12.4915,78.5684
6931,Gokulgarh,83310.0,India,28.2468,76.6176
6939,Sirsilla,83186.0,India,18.38,78.83
6955,Mansa,82956.0,India,29.9906,75.3996
6981,Chingleput,82608.0,India,12.6918,79.9766
7028,Saunda,81915.0,India,23.66,85.35
7030,Ashoknagar,81828.0,India,24.58,77.73
7044,Katoya,81615.0,India,23.65,88.13
7064,Kadi,81404.0,India,23.3009,72.3322
7080,Mannargudi,81150.0,India,10.6653,79.4521
7090,Balrampur,81054.0,India,27.43,82.18
7096,Khamanon Kalan,80991.0,India,30.82,76.35
7124,Bargarh,80625.0,India,21.3333,83.6167
7133,Dahegam,80532.0,India,23.17,72.82
7140,Rajula,80393.0,India,21.05,71.43
7150,Kamareddipet,80315.0,India,18.3205,78.337
7154,Arni,80275.0,India,12.6677,79.2853
7159,Bolpur,80210.0,India,23.67,87.72
7161,Peruvancha,80199.0,India,17.1719,80.5839
7165,Gumla,80129.0,India,23.0444,84.5417
7166,Simdega,80129.0,India,22.62,84.52
7173,Manmad,80058.0,India,20.251,74.439
7177,Piro,80000.0,India,25.33,84.42
7178,Sira,80000.0,India,13.745,76.909
7179,Arsikere,80000.0,India,13.3139,76.2369
7192,Jagannathaprasad,79901.0,India,19.97,84.77
7196,Kottagudem,79819.0,India,17.55,80.63
7255,Dobni Para,79185.0,India,22.8347,74.2556
7257,Tikamgarh,79106.0,India,24.7472,78.85
7262,Araria,79021.0,India,26.15,87.52
7318,Arkonam,78395.0,India,13.0778,79.6667
7321,Samadiala,78354.0,India,21.337,71.31
7359,Tanuku,77962.0,India,16.7566,81.677
7361,Koch Bihar,77935.0,India,26.3242,89.451
7376,Kuniyamuttur,77748.0,India,10.9638,76.9525
7378,Kambam,77736.0,India,9.7375,77.2823
7391,Bodhan,77573.0,India,18.67,77.9
7409,Tirkakara,77319.0,India,10.035,76.329
7455,Baj Baj,76837.0,India,22.4737,88.1739
7469,Nipani,76666.0,India,16.399,74.3829
7483,Fazilka,76492.0,India,30.403,74.025
7507,Shajapur,76319.0,India,23.4264,76.2778
7515,Keshod,76193.0,India,21.3,70.25
7532,Chintamani,76068.0,India,13.4,78.066
7540,Yanam,76000.0,India,16.7333,82.2167
7556,Surendranagar,75755.0,India,22.7,71.6833
7558,Malappuram,75740.0,India,11.042,76.0815
7574,Garhi,75544.0,India,28.6317,77.3186
7581,Srivilliputtur,75396.0,India,9.512,77.633
7584,Bhadarwah,75376.0,India,32.98,75.7137
7585,Ranaghat,75365.0,India,23.18,88.58
7608,Dhrangadhra,75133.0,India,22.98,71.47
7624,Gangammapeta,75017.0,India,18.498,83.9642
7626,Khejroli,75000.0,India,27.37,75.57
7636,Jaora,74907.0,India,23.63,75.13
7642,Tura,74858.0,India,25.52,90.22
7643,Ambajogai,74844.0,India,18.73,76.38
7649,Dabra,74807.0,India,25.8857,78.3322
7685,Wandiwash,74320.0,India,12.5,79.62
7708,Pennepalli,74037.0,India,14.1473,79.8477
7709,Gudur,74037.0,India,14.1473,79.8477
7742,Haveri,73805.0,India,14.7935,75.4045
7749,Tarn Taran,73638.0,India,31.4519,74.9278
7752,Mangalagiri,73613.0,India,16.43,80.55
7755,Vriddhachalam,73585.0,India,11.5,79.33
7762,Kallakkurichchi,73528.0,India,11.738,78.962
7770,Kasipalaiyam,73425.0,India,11.3156,77.7092
7793,Pattukkottai,73135.0,India,10.43,79.32
7795,Gobindgarh,73131.0,India,30.6709,76.3019
7826,Chopda,72783.0,India,21.25,75.3
7846,Siruguppa,72503.0,India,15.6,77.0
7862,Sangareddi,72344.0,India,17.6119,78.0819
7870,Virudunagar,72296.0,India,9.568,77.9624
7879,Warora,72126.0,India,20.23,79.0008
7888,Chaklasi,72000.0,India,22.65,72.93
7889,Nilanga,72000.0,India,18.1161,76.7525
7912,Quilandi,71873.0,India,11.439,75.695
7942,Mandla,71579.0,India,22.5978,80.3714
7964,Rayadrug,71445.0,India,14.6997,76.8524
7970,Bilara,71396.0,India,26.1792,73.7056
7984,Parappanangadi,71239.0,India,11.0497,75.8575
7989,Rayagada,71208.0,India,19.17,83.42
7996,Ratangarh,71124.0,India,28.0787,74.6219
7997,Tandur,71108.0,India,17.2576,77.5875
8000,Markapur,71092.0,India,15.73,79.26
8015,Malaut,70958.0,India,30.19,74.499
8019,Kodungallur,70868.0,India,10.2338,76.1946
8022,Neyyattinkara,70850.0,India,8.4,77.08
8028,Bapatla,70777.0,India,15.9044,80.4675
8029,Fatehabad,70777.0,India,29.52,75.45
8030,Kalamasseri,70776.0,India,10.052,76.3158
8042,Badvel,70626.0,India,14.75,79.05
8049,Valparai,70589.0,India,10.3276,76.9553
8052,Sankaranayinar Kovil,70574.0,India,9.16,77.55
8056,Tenkasi,70545.0,India,8.9564,77.3152
8060,Suratgarh,70536.0,India,29.3177,73.8989
8067,Palni,70467.0,India,10.45,77.5161
8068,Mubarakpur,70463.0,India,26.09,83.29
8072,Nelamangala,70393.0,India,13.102,77.374
8077,Dandeli,70342.0,India,15.2667,74.6167
8089,Nandura Buzurg,70200.0,India,20.8333,76.4597
8100,Gaura,70081.0,India,25.4961,85.9709
8113,Satyamangalam,70000.0,India,11.5167,77.25
8114,Madhipura,70000.0,India,25.92,86.792
8115,Bhattu Kolan,70000.0,India,29.3872,75.3422
8116,Kodoli,70000.0,India,16.88,74.2
8130,Avaniyapuram,69967.0,India,9.8818,78.1125
8158,Basavakalyan,69717.0,India,17.8728,76.9497
8189,Tripunittura,69390.0,India,9.9439,76.3494
8197,Nowrangapur,69307.0,India,19.23,82.55
8225,Bhawanipatna,69045.0,India,19.91,83.128
8227,Dharmasagaram,69043.0,India,17.9933,79.4428
8238,Varisshiyakuni,68970.0,India,11.6325,75.584
8243,Palghar,68931.0,India,19.6969,72.7654
8258,Pakribarawan,68780.0,India,24.9516,85.7347
8263,Todupulai,68722.0,India,9.9,76.7192
8270,Kayankulam,68634.0,India,9.172,76.501
8277,Paradip Garh,68585.0,India,20.316,86.61
8283,Ilkal,68534.0,India,15.9592,76.1135
8288,Nihtaur,68500.0,India,29.33,78.38
8296,Anjangaon,68380.0,India,21.15,77.28
8326,Renukut,68000.0,India,24.2,83.03
8340,Siuri,67864.0,India,23.91,87.527
8349,Rajsamand,67798.0,India,25.07,73.88
8351,Bishnupur,67783.0,India,23.075,87.317
8365,Modasa,67648.0,India,23.47,73.3
8377,Baprola,67555.0,India,28.6408,77.0104
8381,Gauravaram,67521.0,India,17.1,80.6
8386,Sausar,67459.0,India,21.65,78.78
8392,Dhenkanal,67414.0,India,20.67,85.6
8399,Urun-Islampur,67391.0,India,17.05,74.267
8406,Gopalganj,67339.0,India,26.47,84.43
8409,Bongaigaon,67322.0,India,26.4769,90.5583
8431,Dharapuram,67007.0,India,10.7314,77.5189
8432,Guruvayur,67006.0,India,10.5946,76.0369
8435,Aravattur,66999.0,India,10.6649,79.4507
8436,Jagoniguda,66982.0,India,17.32,78.52
8437,Mirpeta,66982.0,India,17.32,78.52
8439,Phalodi,66978.0,India,27.131,72.364
8449,Beypore,66883.0,India,11.18,75.81
8465,Siddipet,66737.0,India,18.1019,78.8519
8490,Koratla,66504.0,India,18.8215,78.7119
8517,Sahaswan,66204.0,India,28.068,78.751
8521,Arambagh,66175.0,India,22.88,87.78
8523,Piduguralla,66167.0,India,16.4793,79.8863
8544,Puliyankudi,66000.0,India,9.1725,77.3956
8565,Sangamner,65804.0,India,19.5678,74.2115
8571,Gohna,65708.0,India,29.13,76.9
8572,Pulivendla,65706.0,India,14.4194,78.225
8596,Kanhangad,65499.0,India,12.3167,75.0667
8602,Jaisalmer,65471.0,India,26.913,70.915
8604,Kurabur,65456.0,India,13.4,78.006
8614,Giddarbaha,65370.0,India,30.2,74.67
8620,Tamluk,65306.0,India,22.3,87.92
8624,Sinnar,65299.0,India,19.85,74.0
8626,Vaijapur,65296.0,India,19.9267,74.7275
8634,Jagraon,65240.0,India,30.78,75.48
8635,Alipur Duar,65232.0,India,26.489,89.527
8639,Dhuri,65215.0,India,30.3685,75.8679
8658,Rath,65056.0,India,25.58,79.57
8668,Tasgaon,65000.0,India,17.03,74.6
8674,Keitumkawn,64937.0,India,23.31,92.85
8716,Narapalli,64542.0,India,17.4167,78.6287
8726,Palitana,64497.0,India,21.52,71.83
8733,Dharmapuri,64444.0,India,12.1211,78.1582
8736,Idappadi,64435.0,India,11.5835,77.8341
8737,Hiriyur,64423.0,India,13.9446,76.6172
8746,Sirsi,64345.0,India,28.64,78.64
8762,Kodad,64234.0,India,16.9978,79.9653
8771,Tadepalle,64149.0,India,16.4803,80.6186
8787,Armur,64023.0,India,18.79,78.29
8796,Bankra,63957.0,India,22.6086,88.2797
8797,Nawalgarh,63948.0,India,27.8458,75.268
8802,Tohana,63871.0,India,29.7,75.9
8811,Khagaul,63763.0,India,25.579,85.0456
8819,Chakpi Karong,63730.0,India,24.3167,93.9833
8821,Sundapalaiyam,63724.0,India,11.0014,76.8732
8823,Jatani,63697.0,India,20.17,85.7
8833,Chik Ballapur,63652.0,India,13.43,77.72
8834,Athni,63625.0,India,16.73,75.07
8867,Dhuburi,63338.0,India,26.02,90.0
8888,Gadwal,63177.0,India,16.23,77.8
8896,Visnagar,63073.0,India,23.7,72.55
8904,Pamuru,63017.0,India,15.097,79.409
8916,Sheikhpura,62927.0,India,25.1403,85.8508
8926,Washim,62863.0,India,20.1113,77.133
8939,Nanpara,62782.0,India,27.87,81.5
8945,Bari,62721.0,India,26.63,77.62
8977,Ranipet,62360.0,India,12.9247,79.3333
8982,Kesamudram,62323.0,India,17.6875,79.8944
8993,Nagari,62253.0,India,13.3214,79.5856
8997,Sherkot,62226.0,India,29.35,78.58
8999,Mandi Dabwali,62207.0,India,29.9477,74.7322
9009,Raghogarh,62163.0,India,24.4442,77.1986
9016,Narwana,62090.0,India,29.6167,76.1117
9019,Okha,62052.0,India,22.4667,69.0667
9026,Bhabhua,61999.0,India,25.05,83.62
9034,Nanjangud,61961.0,India,12.12,76.68
9045,Siddhapur,61867.0,India,23.9167,72.3833
9050,Diphu,61797.0,India,25.83,93.43
9064,Jhargram,61712.0,India,22.45,86.98
9107,Ramanathapuram,61440.0,India,9.3639,78.8395
9118,Trikonavattam,61287.0,India,8.9,76.65
9126,Halvad,61247.0,India,23.02,71.18
9140,Udamalpet,61133.0,India,10.5855,77.2513
9159,Wanparti,60949.0,India,16.3623,78.0622
9177,Chamrajnagar,60810.0,India,11.926,76.9402
9203,Kukarmunda,60598.0,India,21.5167,74.1333
9213,Dumraon,60463.0,India,25.5526,84.1515
9222,Panruti,60323.0,India,11.77,79.55
9226,Velampalaiyam,60296.0,India,11.1376,77.3106
9237,Tirukkoyilur,60212.0,India,11.9675,79.2056
9243,Razampeta,60188.0,India,14.1954,79.159
9245,Nedumangad,60161.0,India,8.6033,77.0028
9280,Gunupur,60000.0,India,19.08,83.82
9281,Mehnajpur,60000.0,India,25.6722,83.1181
9295,Thatri,59955.0,India,33.1453,75.7911
9299,Ponnuru,59913.0,India,16.0667,80.5667
9308,Kathua,59866.0,India,32.3694,75.5254
9324,Vinukonda,59725.0,India,16.05,79.75
9329,Gohadi,59706.0,India,26.4328,78.442
9331,Khagaria,59691.0,India,25.5022,86.4671
9343,Pachora,59609.0,India,20.67,75.35
9352,Tiptur,59543.0,India,13.26,76.48
9353,Gopichettipalaiyam,59523.0,India,11.4549,77.4365
9356,Itanagar,59490.0,India,27.1,93.62
9385,Dhone,59272.0,India,15.396,77.872
9392,Rajgarh,59193.0,India,28.64,75.38
9404,Panna,59091.0,India,24.27,80.17
9434,Zahirabad,58857.0,India,17.6814,77.6074
9435,Wani,58840.0,India,20.0556,78.9533
9436,Binnaguri,58840.0,India,26.7641,89.0558
9445,Upleta,58775.0,India,21.73,70.28
9447,Narasapur,58770.0,India,16.4361,81.7016
9464,Sonabedha,58647.0,India,18.73,82.83
9477,Piparia,58578.0,India,22.757,78.355
9484,Una,58528.0,India,20.82,71.03
9489,Sardhana,58490.0,India,29.145,77.61
9495,Hastinapur,58452.0,India,29.17,78.02
9509,Sandila,58346.0,India,27.08,80.52
9517,Tiruvalur,58301.0,India,10.773,79.637
9528,Sillod,58230.0,India,20.3,75.65
9545,Mulbagal,58123.0,India,13.1635,78.3935
9571,Hunsur,57948.0,India,12.3036,76.2927
9573,Panskura,57932.0,India,22.417,87.7
9574,Nanjakkad,57931.0,India,9.2069,76.6319
9586,Rampur Hat,57833.0,India,24.17,87.78
9603,Khandala,57698.0,India,18.7481,73.4072
9604,Lonavale,57698.0,India,18.7481,73.4072
9623,Bilimora,57583.0,India,20.75,72.95
9624,Kothapet,57583.0,India,19.3333,79.4833
9625,Maduraivayal,57563.0,India,13.0631,80.1719
9632,Palasa,57507.0,India,18.7731,84.4078
9642,Chintalapalli,57434.0,India,18.331,79.674
9646,Lohardaga,57411.0,India,23.4331,84.6799
9665,Macherla,57290.0,India,16.48,79.43
9670,Kandukur,57246.0,India,15.2167,79.9042
9672,Keonjhargarh,57232.0,India,21.63,85.58
9684,Kollegal,57149.0,India,12.1539,77.101
9692,Unjha,57108.0,India,23.8,72.4
9704,Bail-Hongal,57057.0,India,15.8137,74.8589
9718,Nasirabad,56980.0,India,26.3,74.73
9733,Gudalur,56886.0,India,11.5014,76.4916
9738,Samalkot,56864.0,India,17.0531,82.1695
9740,Karimganj,56854.0,India,24.87,92.35
9743,Bobbili,56819.0,India,18.5667,83.3667
9748,Kalna,56722.0,India,23.22,88.37
9749,Sattenapalle,56721.0,India,16.3962,80.1497
9762,Vrindavan,56618.0,India,27.58,77.7
9764,Diglipur,56597.0,India,13.2667,93.0
9782,Naugaon Sadat,56493.0,India,28.9833,78.4167
9785,Sendhwa,56485.0,India,21.6847,75.0953
9795,Talegaon Dabhade,56435.0,India,18.72,73.68
9826,Poonamallee,56237.0,India,13.0465,80.11
9829,Gangarampur,56217.0,India,25.4,88.52
9848,Mandapeta,56063.0,India,16.87,81.93
9850,Tirur,56058.0,India,10.9,75.92
9854,Pithoragarh,56044.0,India,29.58,80.22
9855,Kengri,56040.0,India,12.9122,77.4827
9863,Ropar,56000.0,India,30.9664,76.5331
9879,Ajodhya,55890.0,India,26.7992,82.2044
9888,Belampalli,55841.0,India,19.0756,79.4881
9889,Kharar,55821.0,India,30.74,76.65
9892,Biswan,55780.0,India,27.4933,80.9964
9901,Kannamangalam,55738.0,India,10.05,77.05
9906,Atchampeta,55722.0,India,15.5412,78.9503
9919,Kandi,55632.0,India,23.95,88.03
9942,Barwani,55504.0,India,22.03,74.9
9962,Erumaippatti,55385.0,India,11.58,77.85
9968,Harpanahalli,55317.0,India,14.7877,75.9886
9975,Periya Semur,55282.0,India,11.37,77.6908
9980,Madhupur,55238.0,India,24.26,86.65
9985,Chalil,55216.0,India,11.7519,75.5959
9989,Challakere,55194.0,India,14.312,76.651
9993,Puthiyangadi,55149.0,India,12.0189,75.2588
9998,Mangrol,55094.0,India,21.12,70.12
10001,Chonthrhu,55083.0,India,32.4865,75.9941
10003,Bhimunipatnam,55082.0,India,17.8846,83.4393
10006,Radhanpur,55076.0,India,23.83,71.6
10011,Falakata,55039.0,India,26.53,89.2
10019,Polur,55000.0,India,12.5119,79.1258
10029,Nandod,54923.0,India,21.8706,73.5028
10036,Pithapuram,54859.0,India,17.1167,82.2667
10039,Khurai,54794.0,India,24.0437,78.3301
10043,Punganuru,54746.0,India,13.3667,78.5833
10052,Nargol,54700.0,India,20.233,72.75
10068,Ghatal,54591.0,India,22.67,87.72
10076,Sagar,54550.0,India,14.1667,75.0333
10077,Mundka,54541.0,India,28.6794,77.0284
10093,Tiruvallur,54416.0,India,13.1231,79.912
10094,Baramati,54415.0,India,18.15,74.58
10109,Islampur,54340.0,India,26.27,88.2
10114,Sidhi,54331.0,India,24.42,81.88
10115,Rahuri,54325.0,India,19.38,74.65
10131,Kasaragod,54172.0,India,12.5,75.0
10144,Jalor,54081.0,India,25.35,72.62
10147,Samana,54072.0,India,30.15,76.19
10149,Kunnamkulam,54071.0,India,10.65,76.08
10150,Palmaner,54035.0,India,13.2,78.75
10153,Deolali,54027.0,India,19.951,73.834
10165,Umred,53971.0,India,20.85,79.33
10170,Sohna,53962.0,India,28.25,77.07
10188,Parvatipuram,53844.0,India,18.78,83.425
10191,Ullal,53808.0,India,12.8149,74.8429
10196,Dholka,53792.0,India,22.72,72.47
10198,Ottappalam,53790.0,India,10.77,76.38
10216,Manjeri,53650.0,India,11.1202,76.12
10221,Ashta,53628.0,India,23.0175,76.7221
10226,Ilindu Kothi,53543.0,India,32.1461,76.2784
10228,Kaliyaganj,53530.0,India,25.63,88.32
10229,Jaggayyapeta,53530.0,India,16.892,80.0976
10246,Goalpara,53430.0,India,26.17,90.62
10254,Shahpur,53366.0,India,16.7,76.83
10259,Bhongir,53339.0,India,17.51,78.89
10270,Amalapuram,53231.0,India,16.5787,82.0061
10273,Kunnamangalam,53223.0,India,11.3064,75.8789
10274,Bakhtiyarpur,53223.0,India,25.459,85.539
10284,Patancheruvu,53160.0,India,17.5333,78.2645
10290,Vikarabad,53143.0,India,17.33,77.9
10294,Baruipur,53128.0,India,22.3607,88.4323
10306,Puttur,53061.0,India,12.7648,75.1842
10321,Manglaur,52971.0,India,29.8,77.87
10327,Tilhar,52909.0,India,27.9628,79.7383
10331,Sultanganj,52892.0,India,25.246,86.738
10334,Tiruvalla,52883.0,India,9.3856,76.5756
10359,Venkatagiri,52688.0,India,13.9667,79.5833
10378,Sihor,52603.0,India,21.7,71.97
10383,Nerkunram,52570.0,India,13.0619,80.2094
10399,Baduria,52493.0,India,22.74,88.79
10404,Sironj,52460.0,India,24.1031,77.6905
10412,Jangaon,52394.0,India,17.7227,79.1518
10418,Daudnagar,52364.0,India,25.03,84.4
10421,Jiyyammavalasa,52360.0,India,18.8186,83.5797
10423,Mandamari,52352.0,India,18.9822,79.4811
10426,Lakhminia,52328.0,India,25.4126,86.3253
10430,Ellenabad,52285.0,India,29.45,74.65
10443,Koraput,52203.0,India,18.812,82.7105
10444,Mudhol,52199.0,India,16.35,75.2833
10460,Phaltan,52118.0,India,17.98,74.43
10465,Diu,52074.0,India,20.7158,70.9858
10485,Khattan,51991.0,India,33.3773,75.7254
10487,Rawatbhata,51965.0,India,24.93,75.58
10488,Vaisampakkal,51960.0,India,9.4562,76.5241
10489,Kumarankari,51960.0,India,9.4596,76.4986
10515,Arwal,51849.0,India,25.2442,84.6631
10531,Burla,51749.0,India,21.5098,83.8726
10533,Gadarwara,51736.0,India,22.9235,78.7849
10543,Pardiguda,51689.0,India,17.3974,78.5783
10546,Kalpi,51670.0,India,26.12,79.73
10560,Irinjalakuda,51585.0,India,10.3424,76.2112
10572,Tirupparangunram,51543.0,India,9.8815,78.0731
10578,Zangareddigudem,51507.0,India,17.1229,81.2953
10613,Peranampattu,51271.0,India,12.9387,78.7028
10618,Rongat,51247.0,India,12.4667,92.9333
10621,Dabhoi,51240.0,India,22.1376,73.4162
10628,Tirumangalam,51194.0,India,9.8216,77.9891
10631,Bhavani,51186.0,India,11.4455,77.6821
10633,Puthuppariyaram,51185.0,India,10.8036,76.6221
10635,Sidlaghatta,51159.0,India,13.39,77.86
10644,Marpalli,51090.0,India,17.5389,77.7708
10645,Bowringpet,51087.0,India,12.9912,78.178
10649,Bestavarapeta,51062.0,India,15.55,79.1167
10652,Hodal,51050.0,India,27.894,77.369
10653,Fatwa,51047.0,India,25.5096,85.305
10671,Pardwal,50920.0,India,32.3286,76.1153
10684,Repalle,50866.0,India,16.0172,80.8294
10699,Karamdiha,50821.0,India,24.47,83.55
10703,Vyara,50789.0,India,21.12,73.4
10706,Mahmudabad,50777.0,India,27.3,81.12
10720,Bikramganj,50698.0,India,25.2107,84.2551
10731,Chinnamanur,50635.0,India,9.8422,77.3857
10734,Viramgam,50612.0,India,23.12,72.03
10743,Ānaiyur,50569.0,India,9.9615,78.1118
10744,Kosamba,50568.0,India,21.48,72.95
10751,Jaspur,50523.0,India,29.2833,78.8167
10761,Forbesganj,50475.0,India,26.3,87.265
10767,Laksar,50450.0,India,29.749,78.024
10772,Bar Bigha,50424.0,India,25.2186,85.7332
10773,Tundla,50423.0,India,27.2146,78.2368
10790,Baghpat,50310.0,India,28.95,77.22
10799,Bhawanipur Rajdham,50234.0,India,25.6501,87.1396
10824,Metpalli,50092.0,India,18.8492,78.6261
10825,Bhadrachalam,50087.0,India,17.6669,80.8826
10830,Biaora,50061.0,India,23.9163,76.9112
10851,Chiplun,50000.0,India,17.53,73.52
10852,Saha,50000.0,India,30.3,76.9667
10853,Sujanpur,50000.0,India,32.3127,75.6012
10854,Shiv,50000.0,India,26.1831,71.25
10855,Walidpur,50000.0,India,26.0583,83.3778
10877,Sihora,49988.0,India,23.4871,80.104
10878,Chatra,49985.0,India,24.2064,84.8708
10880,Parasia,49979.0,India,22.1913,78.759
10896,Hilsa,49863.0,India,25.32,85.28
10907,Nohar,49835.0,India,29.18,74.77
10915,Bhainsa,49764.0,India,19.1,77.9667
10918,Perintalmanna,49723.0,India,10.9765,76.2269
10919,Padrauna,49723.0,India,26.9,83.98
10930,Perambalur,49648.0,India,11.23,78.88
10940,Karunagapalli,49604.0,India,9.0544,76.5353
10951,Kizhake Chalakudi,49525.0,India,10.3,76.33
10956,Sulleru,49500.0,India,18.5333,83.2167
10962,Peddapuram,49477.0,India,17.08,82.13
10964,Payyoli,49470.0,India,11.5333,75.6667
10970,Majalgaon,49453.0,India,19.15,76.2333
10996,Kapadvanj,49308.0,India,23.02,73.07
11009,Tennala,49214.0,India,11.0,75.9333
11027,Naugachhia,49069.0,India,25.4,87.1
11036,Nizampur,49004.0,India,21.1117,74.33
11041,Jaggisettigudem,48994.0,India,17.1167,81.3
11050,Naikankudi,48950.0,India,9.843,77.1519
11071,Godda,48850.0,India,24.827,87.2125
11075,Badurpalle,48835.0,India,17.5468,78.365
11107,Koduvalli,48678.0,India,11.3594,75.9111
11110,Guntakal Junction,48658.0,India,15.1711,77.3624
11111,Gooty,48658.0,India,15.121,77.634
11119,Bantval,48615.0,India,12.8905,75.0349
11140,Kilvisharam,48519.0,India,12.9143,79.2854
11146,Khairabad,48490.0,India,27.53,80.75
11148,Jasdan,48483.0,India,22.03,71.2
11150,Upperu,48473.0,India,16.6427,77.4874
11155,Mangalapadi,48441.0,India,12.6431,74.9194
11181,Vite,48289.0,India,17.2711,74.5378
11197,Homnabad,48202.0,India,17.7707,77.1252
11198,Joshimath,48202.0,India,30.555,79.565
11208,Gumia,48141.0,India,23.8106,85.8232
11217,Bokaro,48086.0,India,23.7871,85.9564
11233,Nangal Township,48000.0,India,31.385,76.375
11234,Soyagaon,48000.0,India,20.5514,74.5072
11245,Sadaseopet,47960.0,India,17.6203,77.9539
11249,Hoskote,47946.0,India,13.0721,77.7892
11267,Jalandhar Cantonment,47845.0,India,31.286,75.615
11278,Bhatkal,47748.0,India,13.9853,74.5553
11290,Dungarpur,47706.0,India,23.84,73.72
11293,Chandrawada,47699.0,India,21.6525,69.6746
11318,Dumka,47584.0,India,24.42,87.34
11338,Changanacheri,47485.0,India,9.4667,76.55
11343,Umarkhed,47458.0,India,19.6014,77.6888
11350,Atarra,47419.0,India,25.28,80.57
11370,Azhikkod,47323.0,India,11.9076,75.3446
11371,Azhikkal,47323.0,India,11.9076,75.3446
11387,Vikramasingapuram,47241.0,India,8.67,77.33
11390,Jiaganj,47228.0,India,24.23,88.27
11391,Manapparai,47216.0,India,10.6075,78.4253
11417,Mattanur,47078.0,India,11.931,75.572
11423,Hagaribommanahalli,47042.0,India,15.04,76.2
11424,Pallipalaiyam,47038.0,India,11.3679,77.7435
11446,Nandikotkur,46953.0,India,15.8667,78.2667
11451,Selu,46915.0,India,19.4551,76.4372
11454,Mela Gudalur,46900.0,India,9.6806,77.2462
11493,Punalur,46702.0,India,9.017,76.926
11494,Kampli,46701.0,India,15.4063,76.6001
11502,Nellikkuppam,46679.0,India,11.7667,79.6833
11508,Padra,46660.0,India,22.23,73.08
11516,Obra,46574.0,India,24.42,82.98
11528,Aland,46523.0,India,17.5642,76.5685
11538,Vuyyuru,46490.0,India,16.3667,80.85
11540,Kadinamkulam,46476.0,India,8.6,76.8167
11542,Manvi,46465.0,India,15.9833,77.05
11560,Nilambur,46366.0,India,11.2769,76.2258
11567,Bhalki,46322.0,India,18.0435,77.206
11583,Anandpur,46263.0,India,21.2141,86.1249
11620,Jammalamadugu,46069.0,India,14.85,78.38
11623,Garhwa,46059.0,India,24.16,83.8075
11624,Sikandra Rao,46038.0,India,27.7,78.4
11630,Nawashahr,46023.0,India,31.1167,76.1333
11633,Ranavav,46018.0,India,21.68,69.75
11636,Bihat,46012.0,India,25.4253,86.0208
11652,Coonoor,45954.0,India,11.345,76.795
11655,Thoubal,45947.0,India,24.63,94.02
11672,Dharmaragar,45887.0,India,24.3785,92.1783
11680,Pakaur,45840.0,India,24.63,87.85
11685,Shertallai,45827.0,India,9.6869,76.3361
11694,Nawai,45787.0,India,26.3824,75.924
11698,Gollalagunta,45768.0,India,17.1672,82.2847
11712,Farrukhnagar,45675.0,India,17.0778,78.2011
11721,Chattamangalam,45628.0,India,11.296,75.915
11742,Kumta,45538.0,India,14.4264,74.4122
11752,Warud,45482.0,India,21.4167,78.4
11753,Pandhurna,45479.0,India,21.6,78.52
11761,Ganapathivattam,45417.0,India,11.67,76.28
11770,Gobardanga,45377.0,India,22.87,88.76
11803,Jukal,45165.0,India,18.3689,77.6169
11816,Seoni Malwa,45125.0,India,22.4508,77.4681
11821,Chalungalpadam,45102.0,India,9.549,76.3237
11830,Arantangi,45056.0,India,10.1686,78.992
11831,Nayudupet,45055.0,India,13.9,79.9
11837,Sundargarh,45036.0,India,22.12,84.03
11852,Mahalingpur,45000.0,India,16.38,75.12
11853,Bhayala,45000.0,India,22.8335,72.3643
11854,Nalegaon,45000.0,India,18.4167,76.8167
11855,Muddebihal,45000.0,India,16.33,76.13
11856,Kedgaon,45000.0,India,18.43,74.35
11857,Sachin,45000.0,India,21.08,72.88
11858,Ālamuru,45000.0,India,16.7833,81.9
11867,Dig,44999.0,India,27.47,77.33
11871,Barnagar,44996.0,India,23.0489,75.378
11891,Charkhi Dadri,44892.0,India,28.59,76.27
11900,Guledagudda,44868.0,India,16.0502,75.79
11904,Rameswaram,44856.0,India,9.288,79.313
11920,Tiruttani,44781.0,India,13.1746,79.6117
11934,Melur,44722.0,India,10.0313,78.3381
11936,Dhupgari,44719.0,India,26.5889,89.0069
11950,Dowlaiswaram,44637.0,India,16.9556,81.7931
11957,Sainthia,44601.0,India,23.9451,87.6803
11968,Jangamguda,44562.0,India,17.6238,78.6251
11987,Shekhupur,44475.0,India,28.35,79.02
11994,Karvarakundu,44434.0,India,11.1167,76.3333
11997,Rapur,44424.0,India,14.2015,79.5351
12000,Siyana,44415.0,India,28.6269,78.0607
12002,Angul,44390.0,India,20.8381,85.0956
12004,Rajaldesar,44385.0,India,28.03,74.47
12013,Dalli Rajhara,44363.0,India,20.58,81.08
12015,Nandigama,44359.0,India,16.7833,80.3
12037,Barwah,44297.0,India,22.2539,76.0385
12040,Daman,44282.0,India,20.42,72.85
12044,Medak,44255.0,India,18.046,78.263
12045,Talipparamba,44247.0,India,12.0368,75.3601
12051,Jora,44235.0,India,26.3421,77.8092
12055,Ananipalle,44219.0,India,13.4902,79.2895
12057,Majurwa,44214.0,India,26.1036,86.9193
12074,Raisen,44162.0,India,23.33,77.8
12092,Janakammapeta,44059.0,India,15.0125,79.8439
12095,Sihora,44048.0,India,23.0,80.12
12103,Murshidabad,44019.0,India,24.18,88.27
12108,Ahmadpur,44000.0,India,18.7,76.9333
12109,Kangayam,44000.0,India,11.0054,77.562
12113,Seohara,43985.0,India,29.22,78.58
12129,Wankaner,43881.0,India,22.6161,70.9531
12136,Addanki,43850.0,India,15.8167,79.9833
12141,Nidadavole,43809.0,India,16.92,81.67
12151,Anekal,43767.0,India,12.7105,77.6967
12162,Kottangara,43732.0,India,8.9167,76.6333
12171,Porsa,43695.0,India,26.67,78.37
12172,Bodupal,43692.0,India,17.4139,78.5783
12175,Ramachandrapuram,43657.0,India,16.85,82.02
12177,Chembra,43632.0,India,11.042,75.911
12205,Shoranur,43533.0,India,10.77,76.28
12236,Nilothi,43371.0,India,28.8167,76.8667
12242,Jambusar,43344.0,India,22.05,72.8
12252,Kottoppadam,43283.0,India,10.9979,76.3914
12272,Ambasamudram,43215.0,India,8.7037,77.4527
12276,Yeola,43205.0,India,20.042,74.489
12299,Kayalpattanam,43116.0,India,8.5638,78.1246
12308,Rudauli,43091.0,India,26.75,81.75
12312,Dhaka,43074.0,India,26.72,85.33
12317,Barhiya,43032.0,India,25.2833,86.0333
12318,Kattivakkam,43018.0,India,13.2167,80.3167
12334,Periyakulam,42976.0,India,10.1239,77.5475
12347,Bairagnia,42895.0,India,26.7381,85.2736
12349,Pirthipur,42883.0,India,25.1853,78.665
12355,Mahbubabad,42851.0,India,17.6167,80.0167
12371,Limbdi,42769.0,India,22.5685,71.7949
12383,Thol,42699.0,India,23.0674,72.5121
12395,Barpeta,42649.0,India,26.32,91.0
12401,Kharik,42638.0,India,25.3679,87.0026
12414,Salar,42594.0,India,23.7748,88.1026
12427,Jajpur,42555.0,India,21.214,86.107
12432,Alluru,42545.0,India,15.1336,78.4975
12439,Kadalur,42516.0,India,11.1333,75.8167
12445,Jambughoda,42476.0,India,22.3667,73.7167
12447,Karsiyang,42446.0,India,26.8778,88.2772
12463,Bhatpalli,42387.0,India,18.4293,79.8635
12465,Than,42351.0,India,22.5667,71.1833
12467,Laungowal,42346.0,India,30.2167,75.6833
12472,Rupsa,42317.0,India,21.6167,87.0167
12495,Akbarpur,42248.0,India,26.4333,82.5403
12499,Palladam,42225.0,India,10.99,77.2
12503,Karmegh,42203.0,India,26.5307,86.4263
12520,Anakaputtur,42131.0,India,12.9823,80.1282
12524,Kalol,42100.0,India,22.606,73.463
12528,Pratapgarh,42079.0,India,24.03,74.78
12548,Nathdwara,42016.0,India,24.93,73.82
12552,Kallar,42006.0,India,9.85,77.1333
12562,Muttayyapuram,41993.0,India,8.7498,78.1311
12589,Barauli,41877.0,India,26.3815,84.5872
12601,Diamond Harbour,41802.0,India,22.1927,88.1895
12606,Surampatti,41782.0,India,11.3411,77.6956
12615,Narayanpet,41752.0,India,16.7445,77.496
12619,Saidpur Dabra,41734.0,India,25.3207,87.1793
12648,Ponneri,41643.0,India,13.32,80.2
12662,Berubari,41593.0,India,26.3603,88.7152
12665,Rajgir,41587.0,India,25.03,85.42
12673,Pimpalgaon Baswant,41559.0,India,20.1667,73.9833
12675,Indi,41556.0,India,17.1773,75.9526
12677,Rajaori,41552.0,India,33.3767,74.3122
12685,Nalhati,41534.0,India,24.294,87.839
12687,Sanand,41530.0,India,22.98,72.38
12701,Kodinar,41492.0,India,20.86,70.8
12702,Sagauli,41490.0,India,26.7639,84.7434
12703,Golaghat,41489.0,India,26.52,93.97
12704,Pileru,41489.0,India,13.6549,78.9471
12711,Memari,41451.0,India,23.2,88.12
12721,Kendraparha,41404.0,India,20.5,86.42
12730,Naini Tal,41377.0,India,29.3919,79.4542
12739,Ramganj Mandi,41328.0,India,24.6472,75.9444
12751,Jayamkondacholapuram,41273.0,India,11.2127,79.3637
12753,Cherupulassheri,41267.0,India,10.8793,76.3148
12772,Saundatti,41215.0,India,15.7833,75.1167
12777,Trikarpur North,41201.0,India,12.1439,75.1789
12778,Shutayil,41201.0,India,12.1439,75.1789
12779,Agar,41193.0,India,23.7118,76.0157
12784,Peddapalli,41171.0,India,18.6162,79.3832
12790,Bilasipara,41145.0,India,26.2328,90.2341
12795,Palia Kalan,41126.0,India,28.45,80.5833
12798,Halol,41108.0,India,22.5,73.47
12840,Patti,40976.0,India,31.28,74.86
12856,Dhamdaha,40916.0,India,25.7435,87.1835
12862,Talukkara,40884.0,India,10.95,75.9097
12869,Talcher,40841.0,India,20.95,85.23
12874,Qadian,40827.0,India,31.8192,75.3764
12878,Pamban,40822.0,India,9.279,79.2109
12879,Thotada,40818.0,India,11.843,75.4214
12891,Vavveru,40776.0,India,14.5594,79.8725
12903,Buddh Gaya,40731.0,India,24.6981,84.9869
12918,Kadur,40674.0,India,13.5529,76.0116
12920,Mundakkal,40670.0,India,11.3244,75.9928
12922,Sherghati,40666.0,India,24.5617,84.7953
12946,Pilani,40590.0,India,28.37,75.6
12955,Janjgir,40561.0,India,22.017,82.567
12969,Erramvaripalem,40482.0,India,15.8495,80.3861
12983,Krishnarajasagara,40435.0,India,12.4398,76.3828
12988,Marakkara,40404.0,India,10.95,76.0333
12990,Channarayapatna,40400.0,India,12.902,76.364
12993,Palampur,40385.0,India,32.1097,76.5366
13000,Jhabua,40361.0,India,22.7677,74.5909
13001,Vellakkovil,40359.0,India,10.93,77.72
13009,Sabalgarh,40333.0,India,26.25,77.4
13020,Murtajapur,40295.0,India,20.73,77.51
13021,Peringalam,40292.0,India,11.7137,75.586
13033,Merta,40221.0,India,26.65,74.0333
13035,Uttarkashi,40220.0,India,30.73,78.45
13044,Maihar,40192.0,India,24.262,80.761
13045,Begamganj,40191.0,India,23.5992,78.3406
13050,Tiruchendur,40171.0,India,8.4946,78.1219
13061,Kilakkarai,40143.0,India,9.2314,78.7848
13062,Kalimpong,40143.0,India,27.06,88.47
13070,Phulwaria,40122.0,India,25.4697,85.9847
13077,Kakrala,40081.0,India,27.8922,79.1953
13086,Kunigal,40052.0,India,13.0232,77.0252
13088,Mailapur,40050.0,India,13.021,77.938
13089,Varkkallai,40048.0,India,8.7433,76.6968
13095,Mayyanad,40039.0,India,8.8391,76.6469
13096,Panaji,40017.0,India,15.4989,73.8278
13109,Sindgi,40000.0,India,16.92,76.234
13110,Wadegaon,40000.0,India,20.34,76.51
13111,Sardulgarh,40000.0,India,29.697,75.2388
13112,Samalkha,40000.0,India,29.23,77.02
13113,Junnar,40000.0,India,19.2072,73.8742
13114,Salaiya,40000.0,India,23.1,80.12
13162,Ramdurg,39841.0,India,15.95,75.3
13181,Amudalavalasa,39799.0,India,18.4167,83.9
13184,Atmakur,39794.0,India,15.8779,78.5884
13197,Nileshwar,39752.0,India,12.26,75.13
13220,Kovvur,39667.0,India,17.017,81.731
13230,Basudebpur,39607.0,India,21.1197,86.729
13264,Pachrukha,39474.0,India,26.7373,84.8861
13275,Lalganj,39432.0,India,25.87,85.18
13286,Khachrod,39382.0,India,23.4232,75.2819
13287,Badepalli,39374.0,India,16.7549,78.1443
13289,Sijua,39372.0,India,23.7762,86.3303
13295,Seram,39341.0,India,17.1786,77.29
13297,Vadasinor,39330.0,India,22.95,73.33
13318,Jogbani,39281.0,India,26.3961,87.2597
13327,Solan,39256.0,India,30.905,77.097
13328,Hailakandi,39255.0,India,24.6839,92.561
13332,Erattukulakkada,39244.0,India,8.9,76.8833
13337,Ayirapuram,39214.0,India,9.88,76.3
13364,Idangansalai,39118.0,India,11.6272,77.989
13368,Chittaranjan,39098.0,India,23.87,86.87
13376,Partapnagar,39050.0,India,25.4145,87.0787
13377,Revelganj,39039.0,India,25.78,84.67
13386,Amla,39009.0,India,21.9248,78.1279
13389,Tharad,39000.0,India,24.3926,71.6248
13396,Betamcherla,38994.0,India,15.4667,78.1667
13423,Nallur,38933.0,India,11.1003,77.3914
13430,Walajapet,38907.0,India,12.9255,79.3652
13438,Tuvagudi,38887.0,India,10.7526,78.8298
13445,Dwarka,38873.0,India,22.2464,68.9667
13447,Birmitrapur,38870.0,India,22.4,84.7667
13449,Sattivayal,38866.0,India,10.6017,78.5464
13450,Pehowa,38853.0,India,29.98,76.58
13466,Nurpur,38806.0,India,29.15,78.4
13472,Mehidpur,38780.0,India,23.4888,75.658
13493,Tinnanur,38718.0,India,13.1145,80.0271
13506,Vetapalem,38671.0,India,15.78,80.32
13513,Paravurkambolam,38649.0,India,8.81,76.6702
13526,Vengat,38606.0,India,11.8828,75.5351
13570,Mahadeopur,38451.0,India,18.7316,79.9837
13585,Melmadai,38409.0,India,9.9264,78.1503
13586,Buchireddipalem,38405.0,India,14.538,79.875
13593,Shevgaon,38375.0,India,19.35,75.2333
13613,Chikodi,38307.0,India,16.4255,74.587
13616,Khairtal,38298.0,India,27.8346,76.6388
13624,Taki,38263.0,India,22.59,88.92
13647,Porur,38179.0,India,13.0356,80.1582
13649,Pallipram,38166.0,India,11.15,75.9
13653,Karuvambram,38153.0,India,11.0158,76.1131
13664,Shankarpur Khawas,38092.0,India,25.2016,87.1496
13669,Thakraha,38063.0,India,26.7419,84.2562
13674,Dubrajpur,38041.0,India,23.8,87.38
13694,Gurais,37992.0,India,34.6333,74.8333
13705,Goribidnur,37947.0,India,13.6111,77.5167
13718,Dhanera,37893.0,India,24.52,72.02
13734,Pen,37852.0,India,18.75,73.08
13748,Cheyyar,37802.0,India,12.662,79.5435
13749,Pathanamthitta,37802.0,India,9.2648,76.787
13762,Charaut,37775.0,India,26.5322,85.7942
13767,Rani,37763.0,India,25.5564,85.9021
13776,Manali,37748.0,India,13.1667,80.2667
13779,Mamun,37746.0,India,32.2824,75.6983
13782,Coondapoor,37740.0,India,13.6313,74.6902
13785,Gomoh,37734.0,India,23.8735,86.1516
13791,Aklera,37714.0,India,24.42,76.57
13800,Satana,37701.0,India,20.5797,74.216
13803,Basavana Bagevadi,37699.0,India,16.5728,75.9725
13815,Huzurabad,37656.0,India,18.2,79.42
13818,Attingal,37648.0,India,8.68,76.83
13821,Hatta,37638.0,India,24.1341,79.6012
13830,Malavalli,37601.0,India,12.38,77.08
13878,Sarangpur,37435.0,India,23.57,76.47
13879,Sandur,37431.0,India,15.1,76.55
13880,Kanigiri,37420.0,India,15.4,79.5167
13891,Jaito,37377.0,India,30.4509,74.8829
13892,Phulbani,37371.0,India,20.47,84.23
13902,Morsi,37333.0,India,21.318,78.0095
13915,Lahar,37293.0,India,26.194,78.9414
13919,Pilibangan,37288.0,India,29.4888,74.0748
13930,Gajendragarh,37258.0,India,15.7363,75.9698
13933,Jale,37256.0,India,26.38,85.72
13935,Paravur Tekkumbhagam,37245.0,India,8.811,76.669
13945,Vettur,37219.0,India,8.7178,76.7444
13952,Chunar,37185.0,India,25.13,82.9
13959,Ratia,37152.0,India,29.6833,75.575
13960,Kadiyam,37149.0,India,16.9167,81.8333
13967,Bahadurganj,37115.0,India,26.2617,87.8244
13982,Jagdispur,37072.0,India,25.4674,84.4204
13991,Sitalkuchi,37052.0,India,26.1697,89.1914
13994,Pujali,37047.0,India,22.4601,88.134
14005,Raisinghnagar,37000.0,India,29.5342,73.4477
14006,Dargot,37000.0,India,31.2411,76.9358
14012,Soriyankuppam,36983.0,India,11.787,79.731
14013,Murtikuppam,36983.0,India,11.7902,79.7873
14014,Manamedu,36983.0,India,11.812,79.6839
14015,Seliyamedur,36983.0,India,11.8249,79.7532
14016,Kuruvinattam,36983.0,India,11.7965,79.7328
14017,Aranganur,36983.0,India,11.8316,79.7492
14018,Parikkalpattu,36983.0,India,11.7928,79.7516
14019,Karaiyamputtur,36983.0,India,11.8194,79.6498
14020,Panaiyadikuppam,36983.0,India,11.8435,79.6518
14027,Nakodar,36973.0,India,31.1275,75.4781
14032,Lunavada,36954.0,India,23.1333,73.6167
14039,Dalkola,36930.0,India,25.8767,87.8414
14042,Bindki,36926.0,India,26.03,80.6
14044,Kankuria,36925.0,India,24.6523,87.9604
14053,Vavur,36909.0,India,11.2167,75.9083
14060,Musiri,36882.0,India,10.9333,78.45
14063,Pathri,36853.0,India,19.25,76.45
14073,Kesavapuram,36836.0,India,8.4212,76.9996
14075,Mahe,36828.0,India,11.7011,75.5367
14093,Tuensang,36774.0,India,26.2716,94.8314
14094,Mulavana,36774.0,India,8.9936,76.6765
14098,Manoli,36765.0,India,15.78,75.12
14103,Lakshmeshwar,36754.0,India,15.13,75.47
14109,Zira,36732.0,India,30.97,74.99
14113,Karamadai,36718.0,India,11.2428,76.9617
14127,Robertsganj,36689.0,India,24.7,83.07
14130,Thana Bhawan,36669.0,India,29.5833,77.4167
14140,Hojai,36638.0,India,26.0,92.87
14155,Kadungutt,36602.0,India,11.0333,76.1
14156,Kidangazhi,36602.0,India,11.0333,76.1
14180,Nemmara,36549.0,India,10.5934,76.6006
14182,Punarakh,36541.0,India,25.493,85.8054
14185,Patamundai,36528.0,India,20.57,86.57
14197,Kodaikanal,36501.0,India,10.23,77.48
14199,Chelora,36500.0,India,11.8892,75.4293
14207,Ichchapuram,36493.0,India,19.12,84.7
14227,Purna,36433.0,India,19.18,77.05
14242,Maur,36356.0,India,30.0833,75.25
14260,Nargund,36291.0,India,15.72,75.38
14268,Parappur,36270.0,India,11.0335,76.0001
14273,Kotma,36263.0,India,23.2038,81.979
14311,Nellaya,36146.0,India,10.8729,76.289
14318,Balarampuram,36134.0,India,8.3833,77.0833
14324,Dinhata,36124.0,India,26.13,89.47
14325,Dighwara,36124.0,India,25.7443,85.01
14327,Garhakota,36119.0,India,23.7791,79.1432
14359,Vempalle,36031.0,India,14.3667,78.4667
14360,Wai,36030.0,India,17.95,73.89
14363,Malpura,36028.0,India,26.28,75.38
14364,Bramhapuri,36025.0,India,20.6068,79.8644
14368,Pihani,36014.0,India,27.6199,80.2034
14372,Shirdi,36004.0,India,19.77,74.48
14376,Nim ka Thana,36000.0,India,27.735,75.7797
14377,Taloda,36000.0,India,21.5607,74.22
14384,Naduvattam,35996.0,India,11.0583,75.8569
14385,Chekkal,35992.0,India,8.3653,77.1075
14401,Tarikere,35942.0,India,13.7104,75.8122
14410,Mokokchung,35913.0,India,26.32,94.5
14411,Majhaul,35905.0,India,25.557,86.128
14416,Partur,35883.0,India,19.5911,76.2161
14424,Jalarpet,35860.0,India,12.5703,78.5732
14426,Tirkadavur,35859.0,India,8.9206,76.5948
14430,Huzurnagar,35850.0,India,16.9,79.8833
14437,Pantnagar,35820.0,India,28.97,79.41
14439,Tammampatti,35804.0,India,11.4381,78.4836
14442,Kattipparutti,35795.0,India,10.8833,76.05
14452,Kalakkadu,35758.0,India,8.5138,77.5494
14454,Khair,35751.0,India,27.95,77.83
14481,Mahna,35678.0,India,30.228,74.9937
14482,Shiggaon,35678.0,India,14.991,75.223
14485,Hole Narsipur,35671.0,India,12.7863,76.2433
14492,Chitapur,35647.0,India,17.1201,77.0869
14503,Medchal,35611.0,India,17.6297,78.4814
14511,Narsampet,35571.0,India,17.9285,79.8925
14514,Uravakonda,35565.0,India,14.95,77.27
14516,Savanur,35563.0,India,14.9731,75.3328
14525,Rafiganj,35536.0,India,24.82,84.65
14526,Aravankara,35534.0,India,11.0745,75.9369
14530,Sirohi,35531.0,India,24.885,72.8625
14540,Udhampur,35507.0,India,32.916,75.1419
14541,Saiha,35500.0,India,22.48,92.97
14549,Umarga,35477.0,India,17.84,76.6217
14550,Hamirpur,35475.0,India,25.95,80.15
14573,Ulliyil,35429.0,India,12.0333,75.65
14591,Guskhara,35388.0,India,23.5,87.75
14620,Chakapara,35282.0,India,22.63,88.35
14623,Surandai,35272.0,India,8.9773,77.4206
14643,Usilampatti,35219.0,India,9.9651,77.7885
14656,Perunad,35173.0,India,8.9563,76.64
14667,Giddalur,35150.0,India,15.3764,78.9251
14672,Pappinissheri,35134.0,India,11.95,75.35
14673,Tazhakara,35126.0,India,9.2551,76.5539
14675,Pandaul,35113.0,India,26.2517,86.0747
14677,Bibhutpur,35105.0,India,25.6878,85.9992
14679,Rawatsar,35102.0,India,29.28,74.38
14684,Pulppatta,35093.0,India,11.1511,76.0669
14699,Yellandu,35056.0,India,17.6,80.33
14718,Marancheri,35011.0,India,10.7383,75.9736
14722,Wokha,35004.0,India,26.1,94.27
14727,Bapaura,35000.0,India,28.815,76.063
14728,Kudachi,35000.0,India,16.48,74.78
14729,Harra,35000.0,India,29.1278,77.4861
14730,Mel Nariyappanur,35000.0,India,11.6495,78.8599
14731,Dulhanganj,35000.0,India,25.382,84.858
14771,Karumattampatti,34949.0,India,11.1093,77.182
14781,Lingsugur,34932.0,India,16.17,76.52
14783,Kuchaiburi,34929.0,India,22.27,86.17
14785,Shiyali,34927.0,India,11.2391,79.7357
14795,Madukkarai,34902.0,India,10.9057,76.9634
14806,Alandatte,34878.0,India,12.191,75.4673
14808,Vadigenhalli,34866.0,India,13.29,77.8
14815,Hirakud,34840.0,India,21.525,83.8727
14816,Munnarkod,34839.0,India,10.98,76.47
14817,Mannarakkat,34839.0,India,10.98,76.47
14822,Āllagadda,34815.0,India,15.1322,78.5138
14829,Khajamahalpur,34784.0,India,17.8,77.36
14837,Safidon,34729.0,India,29.42,76.67
14841,Kolattupuzha,34721.0,India,8.9082,77.0555
14850,Dhamnod,34680.0,India,22.2093,75.4706
14859,Manamadurai,34653.0,India,9.6956,78.4564
14867,Marutharod,34627.0,India,10.7737,76.6973
14892,Banda,34561.0,India,24.0449,78.9609
14897,Paithan,34556.0,India,19.4751,75.3856
14900,Dapoli,34544.0,India,17.7589,73.1856
14902,Kulittalai,34532.0,India,10.9357,78.4241
14910,Ankola,34502.0,India,14.6605,74.3047
14933,Madakalavaripalli,34449.0,India,14.7475,79.0843
14938,Zaidpur,34443.0,India,26.83,81.33
14969,Kita Chauhattar,34342.0,India,25.677,84.872
14981,Degana,34315.0,India,26.8951,74.3222
14999,Kalaruch,34280.0,India,34.5731,74.321
15008,Aiyappan Kovil,34267.0,India,9.7158,77.0333
15012,Vedaranniyam,34266.0,India,10.3774,79.8495
15021,Baraidih,34236.0,India,25.9798,86.1434
15030,Badiadka,34207.0,India,12.5833,75.0667
15045,Tiruvur,34173.0,India,17.1,80.6
15060,Kokrajhar,34136.0,India,26.4,90.27
15061,Risod,34136.0,India,19.97,76.78
15067,Almora,34122.0,India,29.5971,79.6591
15072,Balarampur,34113.0,India,26.2432,89.5863
15086,Titlagarh,34067.0,India,20.2871,83.1466
15088,Waris Aliganj,34056.0,India,25.01,85.63
15103,Rudarpur,34014.0,India,26.4293,83.6104
15124,Kallidaikurichi,33984.0,India,8.6859,77.4659
15143,Annigeri,33937.0,India,15.4251,75.4335
15147,Pulgaon,33925.0,India,20.726,78.317
15159,Mulavur,33901.0,India,10.0111,76.6056
15168,Toda Bhim,33876.0,India,26.9167,76.8167
15169,Byadgi,33875.0,India,14.6733,75.4868
15209,Kadungapuram,33790.0,India,11.0167,76.0667
15221,Narsipatnam,33757.0,India,17.665,82.614
15223,Nautanwa,33753.0,India,27.43,83.42
15236,Kaippakancheri,33721.0,India,10.938,75.987
15244,Vemalwada,33706.0,India,18.4667,78.8833
15253,Kasba,33691.0,India,25.8564,87.5384
15306,Chavakkad,33543.0,India,10.582,76.041
15314,Manganam,33523.0,India,9.7958,76.45
15326,Chempalli,33489.0,India,12.0451,75.5074
15338,Dhekiajuli,33460.0,India,26.7037,92.4781
15345,Mangalam,33442.0,India,10.845,75.919
15352,Vettam,33430.0,India,10.8667,75.9
15354,Angamali,33424.0,India,10.196,76.386
15357,Darsi,33418.0,India,15.7667,79.6833
15358,Siripur,33417.0,India,25.997,86.9599
15374,Madikeri,33381.0,India,12.4209,75.7397
15378,Kondapalle,33373.0,India,16.6183,80.5411
15398,Bamaur,33299.0,India,26.339,78.101
15403,Churi,33293.0,India,23.6549,85.0128
15404,Kidamangalam,33293.0,India,10.3167,76.1333
15413,Hisua,33270.0,India,24.8336,85.4173
15419,Zamania,33253.0,India,25.4194,83.5569
15422,Salaya,33246.0,India,22.32,69.6
15427,Kavundappadi,33227.0,India,11.4248,77.5579
15435,Kartarpur,33207.0,India,31.4427,75.4985
15437,Borne,33199.0,India,25.5431,86.6999
15450,Shamsabad,33144.0,India,27.02,78.13
15457,Shikarpur,33130.0,India,28.2814,78.0108
15463,Umaria,33114.0,India,23.525,80.8361
15470,Tekkebhagam,33087.0,India,9.4361,76.5667
15472,Chanderi,33081.0,India,24.72,78.13
15481,Kareli,33056.0,India,22.9153,79.0638
15498,Hangal,33011.0,India,14.7646,75.1246
15515,Turkauliya,32986.0,India,26.6079,84.8296
15544,Elesvaram,32927.0,India,17.2833,82.1
15552,Fatehpur Sikri,32905.0,India,27.091,77.661
15555,Patratu,32899.0,India,23.67,85.28
15559,Sanchor,32875.0,India,24.7536,71.7714
15568,Lohagaon,32857.0,India,20.5988,77.6837
15569,Lohogaon,32857.0,India,20.6,77.6833
15586,Ārumuganeri,32809.0,India,8.5717,78.0922
15595,Parambil,32784.0,India,11.5575,75.7605
15607,Chand Chaur,32754.0,India,25.7276,85.7865
15610,Mankada,32748.0,India,11.0187,76.1755
15615,Kallur,32728.0,India,8.6714,76.7944
15624,Vadavalli,32708.0,India,11.0258,76.9038
15631,Debagram,32695.0,India,23.6833,88.2833
15636,Nanjikkottai,32689.0,India,10.7453,79.1289
15641,Vilakkudi,32677.0,India,9.0167,76.85
15647,Jamikunta,32645.0,India,18.2864,79.4761
15651,Taranagar,32640.0,India,28.6689,75.0406
15654,Belhi,32635.0,India,26.5769,86.1723
15675,Erraguntla,32574.0,India,14.6333,78.5333
15683,Chemancheri,32532.0,India,11.4116,75.735
15688,Madira,32516.0,India,16.9167,80.3667
15694,Manwat,32488.0,India,19.3,76.5
15709,Chemmaruthi,32444.0,India,8.7597,76.7435
15710,Turaiyur,32439.0,India,11.1497,78.5987
15724,Ketti,32384.0,India,11.4,76.7
15729,Chamtha,32371.0,India,25.5789,85.7734
15738,Pattanapuram,32339.0,India,9.0927,76.8612
15743,Sasthankotta,32330.0,India,9.0365,76.6239
15744,Manakkara,32330.0,India,9.0365,76.6239
15746,Narsinghgarh,32329.0,India,23.7,77.1
15748,Kalyandrug,32328.0,India,14.55,77.1
15763,Tattamangalam,32298.0,India,10.7,76.75
15835,Eramala,32151.0,India,11.6789,75.5931
15840,Utraula,32145.0,India,27.32,82.42
15861,Kukshi,32093.0,India,22.2068,74.7579
15862,Mangur,32091.0,India,17.9373,80.8185
15866,Kovur,32082.0,India,14.5001,79.9859
15881,Munnar,32029.0,India,10.0892,77.0597
15905,Makhdumpur,31994.0,India,25.072,84.973
15917,Puraini,31967.0,India,25.1426,86.9797
15920,Tholikuzhi,31957.0,India,8.6526,77.0704
15942,Palamel,31916.0,India,9.1875,76.6498
15943,Purattur,31915.0,India,10.8022,75.9225
15959,Alengad,31870.0,India,10.1,76.3
15969,Maur Kalan,31849.0,India,30.08,75.25
15978,Jhanjharpur,31827.0,India,26.2647,86.2799
15982,Alamnagar,31818.0,India,25.561,86.9014
15992,Bagasra,31789.0,India,21.4833,70.95
15998,Kottaikuppam,31779.0,India,11.9613,79.8392
16000,Velliyod,31763.0,India,11.6256,75.6294
16005,Singia,31760.0,India,25.8424,86.1622
16009,Tekkekara Kizhakku,31747.0,India,9.2,76.5
16014,Sadabad,31737.0,India,27.45,78.05
16023,Kochugaon,31719.0,India,26.5518,90.0762
16025,Tuljapur,31714.0,India,18.0085,76.0699
16035,Lalgola,31698.0,India,24.42,88.25
16047,Masur,31671.0,India,17.28,74.2
16050,Nautan Dube,31650.0,India,26.7118,84.503
16098,Thazhamel,31547.0,India,8.8667,76.6667
16100,Rahatgarh,31537.0,India,23.78,78.37
16105,Shikarpur,31508.0,India,14.27,75.35
16106,Kurivikod,31506.0,India,8.3196,77.1104
16111,Cholavandan,31500.0,India,10.0167,77.9667
16113,Charthawal,31493.0,India,29.55,77.5833
16121,Samdhin,31479.0,India,27.137,79.703
16126,Elur,31468.0,India,10.0667,76.3
16141,Nauagarhi,31426.0,India,25.3443,86.5358
16142,Deori Khas,31423.0,India,23.3902,79.0163
16149,Kunnatnad,31400.0,India,10.0179,76.401
16151,Kolachel,31398.0,India,8.1767,77.2591
16153,Sanha,31394.0,India,25.402,86.3592
16157,Vellanad,31384.0,India,8.4461,77.1971
16170,Sri Madhopur,31366.0,India,27.4667,75.6
16180,Lumding,31347.0,India,25.75,93.17
16197,Sherpur Khurd,31322.0,India,25.5565,83.8052
16218,Vadakakarai,31266.0,India,10.1731,76.2096
16229,Naspur,31244.0,India,18.8604,79.4849
16232,Unchagao,31238.0,India,16.6988,74.2749
16267,Podili,31145.0,India,15.604,79.608
16275,Shrigonda,31134.0,India,18.616,74.698
16281,Kalliyassheri,31122.0,India,11.9712,75.3616
16290,Bachhraon,31101.0,India,28.93,78.22
16312,Malaikkal,31050.0,India,8.8058,76.8301
16318,Tummapala,31035.0,India,17.7166,82.9965
16319,Mushabani,31035.0,India,22.52,86.45
16323,Karera,31026.0,India,25.4581,78.1358
16330,Malakanagiri,31007.0,India,18.35,81.9
16338,Sagwara,30993.0,India,23.6681,74.0244
16358,Tarakeswar,30947.0,India,22.89,88.02
16361,Badami,30943.0,India,15.92,75.6803
16362,Husainabad,30942.0,India,24.5285,84.0
16382,Bairi Chak,30883.0,India,24.6951,84.9913
16387,Leh,30870.0,India,34.1642,77.5847
16388,Pattanakkad,30867.0,India,9.7286,76.3189
16391,Sholinghur,30856.0,India,13.1116,79.431
16392,Dharampur,30856.0,India,28.6,76.99
16396,Manavadar,30850.0,India,21.5,70.13
16397,Palaiya Āyakkudi,30848.0,India,10.456,77.5595
16409,Chinnalapatti,30823.0,India,10.2875,77.912
16412,Tiruvambadi,30820.0,India,11.3608,76.0089
16413,Pattittara,30819.0,India,10.8119,76.0915
16419,Dharmadam,30804.0,India,11.7935,75.4709
16436,Mahemdavad,30769.0,India,22.83,72.77
16441,Gadarpur,30753.0,India,29.0437,79.2465
16443,Ulliyeri,30742.0,India,11.4333,75.7833
16445,Tekkali,30740.0,India,18.6057,84.2355
16453,Pedana,30721.0,India,16.2667,81.1667
16454,Mattathur,30718.0,India,10.3792,76.3208
16464,Pandua,30700.0,India,23.08,88.28
16466,Babura,30695.0,India,25.6838,84.7825
16475,Bannur,30675.0,India,12.3329,76.862
16488,Chengam,30654.0,India,12.3112,78.7925
16515,Talakkad,30577.0,India,10.8833,75.9333
16516,Devarshola,30576.0,India,11.5437,76.4404
16540,Gariadhar,30520.0,India,21.53,71.58
16548,Sankaramangalam,30502.0,India,8.6561,76.787
16549,Nagawaram,30502.0,India,17.4875,78.6012
16557,Mainaguri,30490.0,India,26.5658,88.8214
16564,Karuvakulam,30473.0,India,9.7605,77.2205
16578,Uran,30439.0,India,18.89,72.95
16591,Karjan,30405.0,India,22.053,73.1235
16597,Muvattupula,30397.0,India,9.9905,76.5789
16599,Manawar,30393.0,India,22.23,75.08
16609,Kuttanallur,30353.0,India,10.7069,79.5235
16610,Dhari,30352.0,India,21.3261,71.0272
16620,Rehli,30329.0,India,23.63,79.08
16628,Shahpura,30320.0,India,25.63,74.93
16629,Sallimedu,30319.0,India,11.1147,77.3975
16643,Koni,30299.0,India,9.241,76.8784
16648,Chimakurti,30279.0,India,15.5149,80.0368
16673,Taramangalam,30222.0,India,11.6956,77.9716
16681,Anjad,30204.0,India,22.0417,75.0552
16694,Kaipram,30169.0,India,10.8833,76.1833
16699,Periyanayakkanpalaiyam,30154.0,India,11.1544,76.9499
16702,Egra,30148.0,India,21.9,87.53
16710,Kanniparamba,30123.0,India,11.3611,76.0097
16713,Mussoorie,30118.0,India,30.45,78.08
16722,Sakti,30100.0,India,22.03,82.97
16725,Gumduru,30091.0,India,16.65,78.48
16727,Rahimpur,30089.0,India,25.4894,86.4774
16739,Kondarangi Kiranur,30064.0,India,10.615,77.724
16743,Nethirimangalam,30056.0,India,10.8054,76.1877
16745,Margram,30055.0,India,24.1512,87.8422
16765,Mahugaon,30012.0,India,22.5748,75.7445
16766,Ārda,30006.0,India,32.3087,76.5772
16773,Mundahal Khurd,30000.0,India,28.98,76.195
16774,Masabdisa,30000.0,India,25.9682,93.4372
16775,Ranpur,30000.0,India,22.3752,71.6898
16776,Patri,30000.0,India,23.19,71.8
16777,Edassheri,30000.0,India,10.9833,75.9667
16778,Mundi,30000.0,India,22.07,76.5
16779,Padappakara,30000.0,India,8.9667,76.6333
16780,Tirwa,30000.0,India,26.962,79.7923
16781,Baghmari,30000.0,India,20.2206,85.5014
16782,Hasanparti,30000.0,India,18.0681,79.5236
16783,Sarpavaram,30000.0,India,17.0102,82.225
16784,Dhandhuka,30000.0,India,22.37,71.98
16815,Saundhonwali,29999.0,India,30.3331,77.9608
16817,Parakadavu,29997.0,India,10.2126,76.352
16823,Koratgi,29991.0,India,15.6081,76.6597
16828,Navapur,29979.0,India,21.17,73.78
16831,Birur,29966.0,India,13.5972,75.9717
16834,Kotturu,29965.0,India,14.8262,76.2259
16849,Marhaura,29932.0,India,25.97,84.87
16857,Triprangottur,29911.0,India,11.7843,75.6559
16866,Panakkudi,29895.0,India,8.3492,77.5672
16892,Ozhur,29836.0,India,10.9542,75.9167
16898,Kodayattur,29816.0,India,11.2833,75.9833
16904,Tiruvegapra,29810.0,India,10.873,76.125
16906,Krishnarajpet,29805.0,India,12.6662,76.4877
16910,Talwara,29797.0,India,31.9376,75.8866
16917,Madavur,29781.0,India,11.2597,75.9486
16929,Nattam,29759.0,India,10.2249,78.231
16949,Devarkonda,29731.0,India,16.7,78.9333
16971,Sursand,29688.0,India,26.65,85.7167
16973,Hosdurga,29684.0,India,13.7963,76.2841
16976,Nepanagar,29682.0,India,21.4558,76.4494
16990,Husnabad,29648.0,India,18.1,79.3
16993,Puthupalli,29635.0,India,9.5594,76.5722
16998,Jamai,29620.0,India,22.1964,78.5919
17005,Kalpatta,29602.0,India,11.6087,76.0834
17007,Veliyangod,29596.0,India,10.7296,75.9471
17015,Kollengode,29587.0,India,10.6139,76.6908
17018,Rarott,29583.0,India,11.4504,75.9306
17024,Lakheri,29572.0,India,25.67,76.17
17034,Chiknayakanhalli,29553.0,India,13.4161,76.6206
17038,Maranga,29549.0,India,25.7592,87.4665
17043,Behror,29531.0,India,27.8903,76.2861
17056,Minad,29497.0,India,8.85,76.6958
17069,Sankaridrug,29467.0,India,11.4745,77.8691
17074,Pirakkad,29437.0,India,9.35,76.35
17078,Ibrahimpatnam,29432.0,India,16.6056,80.3786
17079,Mudbidri,29431.0,India,12.9101,75.003
17083,Ātmakur,29419.0,India,14.6167,79.6167
17085,Vadakku Valliyur,29417.0,India,8.3829,77.6122
17096,Tirukkalikkunram,29391.0,India,12.6092,80.0675
17105,Marar,29368.0,India,25.5392,86.5074
17111,Pilachikare,29348.0,India,12.0855,75.2545
17116,Pattikonda,29342.0,India,15.4,77.5167
17117,Nalakadoddi,29342.0,India,15.4,77.5167
17122,Aralam,29328.0,India,11.9992,75.764
17140,Khunti,29271.0,India,23.081,85.2774
17145,Rasra,29263.0,India,25.85,83.85
17147,Garaimari,29260.0,India,24.0217,88.6263
17154,Dildarnagar,29242.0,India,25.4309,83.6665
17162,Maddagiri,29215.0,India,13.66,77.21
17170,Beldanga,29205.0,India,23.93,88.25
17190,Raghopur,29149.0,India,26.1785,86.0892
17200,Pallijkarani,29132.0,India,12.9333,80.2022
17201,Mahendragarh,29128.0,India,28.28,76.15
17204,Nakrekal,29126.0,India,17.1647,79.4275
17213,Sankrail,29114.0,India,22.5583,88.2278
17219,Colgong,29104.0,India,25.2633,87.2326
17230,Sonamukhi,29085.0,India,23.3,87.42
17231,Kalappatti,29084.0,India,11.0794,77.0371
17248,Vattalkundu,29054.0,India,10.163,77.758
17252,Uttamapalaiyam,29050.0,India,9.8,77.3333
17258,Deodrug,29032.0,India,16.4167,76.9341
17261,Vallikunnam,29029.0,India,9.1167,76.5333
17273,Vandiyur,29009.0,India,9.9092,78.1609
17274,Ponmana,29008.0,India,9.0167,76.5167
17284,Gudalur,28995.0,India,11.1455,76.9366
17287,Harij,28988.0,India,23.7,71.9
17293,Placheri,28970.0,India,11.8361,76.175
17300,Kailaras,28955.0,India,26.305,77.616
17320,Kuttuparamba,28907.0,India,11.8278,75.5659
17323,Ariyalur,28902.0,India,11.1372,79.0778
17326,Nahan,28899.0,India,30.55,77.3
17332,Karippira,28888.0,India,8.95,76.7167
17334,Ladwa,28887.0,India,29.9958,77.04
17336,Gidri,28884.0,India,30.8461,75.8623
17345,Pokhram,28861.0,India,25.9358,86.1974
17354,Kudligi,28840.0,India,14.905,76.3853
17355,Virapandi,28839.0,India,11.0625,77.3508
17362,Kodumur,28828.0,India,15.6833,77.7833
17370,Narsimlapet,28819.0,India,17.51,79.8044
17373,Kamalapuram,28815.0,India,15.3044,76.4765
17381,Ponmala,28795.0,India,11.0221,76.0432
17382,Landhaura,28786.0,India,29.82,77.93
17392,Umrat,28761.0,India,21.1152,72.857
17395,Maddur,28754.0,India,12.5849,77.05
17402,Nongstoin,28742.0,India,25.52,91.27
17405,Raikot,28734.0,India,30.65,75.6
17427,Murliganj,28691.0,India,25.9,86.98
17428,Nauhata,28687.0,India,25.9971,86.4887
17444,Pattambi,28632.0,India,10.8057,76.1957
17453,Pawayan,28613.0,India,28.0663,80.1031
17456,Neduvannur,28607.0,India,10.1167,76.35
17457,Edayikunnam,28607.0,India,10.1009,76.3713
17465,Akkattettar,28592.0,India,10.8167,76.65
17468,Simri Bakhriarpur,28588.0,India,25.7216,86.5937
17470,Sottaiyampalaiyam,28585.0,India,11.4053,77.6794
17505,Bagha Purana,28506.0,India,30.6881,75.0984
17507,Losal,28504.0,India,27.4,74.92
17512,Rajpur,28498.0,India,22.3053,74.3525
17515,Pardi,28495.0,India,20.52,72.95
17525,Pavugada,28486.0,India,14.1,77.28
17531,Nenmem,28476.0,India,11.6333,76.2611
17532,Elanjivaliseri,28473.0,India,8.95,76.6667
17558,Harur,28410.0,India,12.051,78.4827
17566,Banswada,28384.0,India,18.3833,77.8833
17579,Ramanayyapeta,28369.0,India,17.3203,82.1014
17580,Maharajpur,28366.0,India,25.0194,79.7319
17594,Mannanchori,28338.0,India,9.5764,76.3481
17599,Brahmana Periya Agraharam,28324.0,India,11.369,77.7063
17601,Puvali,28322.0,India,11.793,76.165
17603,Tarana,28317.0,India,23.33,76.03
17604,Kizhakkott,28316.0,India,11.3583,75.8986
17605,Puttankulam,28315.0,India,8.8111,76.7152
17609,Saho,28306.0,India,25.9718,86.1537
17612,Srungavarapukota,28304.0,India,18.1167,83.1667
17613,Karanjia,28302.0,India,21.7626,85.9732
17620,Kuruvattur,28285.0,India,11.3061,75.8236
17657,Hajipur,28226.0,India,31.9771,75.7544
17658,Edappalli,28223.0,India,9.8167,76.3
17661,Antur,28218.0,India,11.987,75.376
17665,Sirsaganj,28212.0,India,27.0569,78.6861
17669,Kotagiri,28207.0,India,11.43,76.88
17708,Chennamangalam,28133.0,India,10.1797,76.2097
17720,Sangola,28116.0,India,17.4378,75.1939
17721,Sheohar,28116.0,India,26.52,85.3
17732,Kuli,28092.0,India,24.7366,87.9426
17748,Kalwakurti,28060.0,India,16.65,78.48
17751,Devanhalli,28051.0,India,13.23,77.7
17752,Gingee,28051.0,India,12.2528,79.4173
17783,Karakurisshi,27999.0,India,10.9667,76.4917
17797,Kushtagi,27961.0,India,15.7562,76.1911
17801,Kanavaikuli,27955.0,India,9.85,76.94
17802,Āron,27954.0,India,24.3811,77.4174
17804,Dhabauli,27952.0,India,25.8346,86.8057
17807,Goriar,27948.0,India,25.5513,87.2046
17810,Vilangudi,27940.0,India,9.9458,78.0935
17820,Malmal,27921.0,India,26.4833,86.05
17858,Umargam,27857.0,India,20.17,72.76
17863,Barughutu,27841.0,India,23.8038,85.5555
17871,Wasi,27826.0,India,18.5422,75.7789
17876,Nibria,27818.0,India,22.61,88.25
17882,Mattul,27806.0,India,11.958,75.2942
17886,Vadnagar,27790.0,India,23.785,72.64
17908,Charkhari,27760.0,India,25.4,79.75
17909,Paivalike,27755.0,India,12.6875,74.9833
17917,Khategaon,27745.0,India,22.5957,76.9133
17928,Tudiyalur,27725.0,India,11.0816,76.9446
17944,Poruvakara,27689.0,India,9.0667,76.6333
17949,Amarpur,27673.0,India,25.0397,86.9025
17958,Tanguturu,27652.0,India,15.35,80.05
17962,Mukher,27650.0,India,18.7008,77.3628
17969,Parsa,27644.0,India,26.0021,84.5979
17973,Pachor,27639.0,India,23.7098,76.7339
17975,Padiyanallur,27638.0,India,13.2004,80.1761
17993,Magadi,27605.0,India,12.97,77.23
18031,Kantai,27549.0,India,26.2142,85.2975
18036,Rardhu,27539.0,India,22.643,72.7762
18038,Rayamangalam,27537.0,India,10.0879,76.5088
18041,Patjirwa,27535.0,India,26.8084,84.3847
18058,Suluru,27504.0,India,13.7,80.018
18068,Nasriganj,27490.0,India,25.0514,84.3284
18075,Bandipura,27482.0,India,34.4231,74.6361
18076,Karimba,27480.0,India,10.91,76.525
18081,Konnur,27474.0,India,16.2013,74.7436
18092,Vandikarai,27449.0,India,9.9912,76.805
18112,Sadri,27394.0,India,25.18,73.43
18114,Ayyagarpet,27393.0,India,17.2197,80.8339
18116,Nalbari,27389.0,India,26.445,91.44
18118,Penukonda,27382.0,India,14.085,77.596
18125,Balussheri,27363.0,India,11.45,75.83
18132,Varandarapilli,27343.0,India,10.4167,76.3333
18143,Bihpur,27322.0,India,25.3889,86.9337
18152,Pallippurattuseri,27307.0,India,9.7566,76.3607
18161,Bhander,27287.0,India,25.7358,78.7456
18170,Haliyal,27261.0,India,15.3294,74.7633
18180,Debiapur,27237.0,India,26.6358,79.5733
18192,Baler,27207.0,India,26.9042,81.1923
18193,Ezhipram,27206.0,India,9.8233,76.31
18225,Digboi,27129.0,India,27.3932,95.6184
18229,Parimpudi,27122.0,India,17.1171,81.4342
18248,Afzalpur,27088.0,India,17.2011,76.3611
18265,Irimbiliyam,27075.0,India,10.8667,76.0833
18270,Kuzhittura,27063.0,India,8.3165,77.2061
18282,Raver,27039.0,India,21.2431,76.0333
18290,Malebennur,27023.0,India,14.3537,75.74
18291,Madhura,27023.0,India,26.3388,87.1027
18293,Āmangal,27016.0,India,16.8499,78.5327
18296,Bagepalli,27011.0,India,13.78,77.79
18304,Payakaraopeta,27001.0,India,17.3627,82.5572
18332,Basi,26985.0,India,30.5872,76.8428
18335,Kadappuram,26980.0,India,10.55,76.1167
18360,Nainijor,26929.0,India,25.6811,84.3456
18366,Nelliyalam,26921.0,India,11.5255,76.3589
18373,Margherita,26914.0,India,27.28,95.68
18374,Maner,26912.0,India,25.65,84.88
18376,Kulasekharapuram,26907.0,India,8.15,77.5
18388,Pappakurichchi,26889.0,India,10.8137,78.7481
18392,Pamidi,26886.0,India,14.95,77.5833
18395,Kadambanad,26880.0,India,9.1167,76.6833
18398,Kararan,26876.0,India,30.772,76.7959
18405,Areraj,26869.0,India,26.5527,84.6726
18406,Madattukkulam,26864.0,India,10.5587,77.366
18407,Kalikavu,26862.0,India,11.172,76.3211
18410,Gursarai,26857.0,India,25.62,79.18
18411,Punch,26854.0,India,33.7703,74.0925
18423,Vadippatti,26830.0,India,10.0843,77.9634
18426,Bankapur,26827.0,India,14.923,75.2622
18427,Shencottah,26823.0,India,8.9733,77.2464
18437,Magilampupuram,26802.0,India,8.8408,78.1497
18440,Tuvur,26795.0,India,11.1,76.2833
18442,Srinivaspur,26793.0,India,13.3378,78.2122
18444,Trikkunnapuzha,26790.0,India,9.25,76.4
18457,Thatha,26766.0,India,25.4988,86.5908
18461,Gadhada,26751.0,India,21.97,71.57
18463,Meppayyur,26747.0,India,11.5167,75.7
18475,Soron,26722.0,India,27.88,78.75
18477,Alattur,26720.0,India,10.6481,76.5383
18483,Bhuban,26708.0,India,20.882,85.8333
18492,Mamidalapadu,26694.0,India,15.831,78.05
18503,Nediyanad,26680.0,India,11.1297,76.0021
18511,Nannamukku,26669.0,India,10.7167,76.0333
18513,Talaja,26667.0,India,21.35,72.05
18519,Kuppadi,26662.0,India,11.6792,76.2625
18524,Dalsingh Sarai,26658.0,India,25.668,85.8364
18530,Chettipalaiyam,26642.0,India,11.1667,77.335
18535,Manihari,26629.0,India,25.35,87.63
18541,Lauri,26621.0,India,25.1396,80.0011
18556,Ghataro Chaturbhuj,26594.0,India,25.8146,85.1862
18569,Shahganj,26556.0,India,26.056,82.682
18573,Manasa,26551.0,India,24.48,75.15
18574,Dasuya,26550.0,India,31.8168,75.6531
18575,Perumbalam,26550.0,India,10.8311,76.043
18578,Nyamti,26546.0,India,14.14,75.56
18583,Deogarh,26526.0,India,21.5383,84.7334
18585,Kantabanji,26525.0,India,20.4671,82.9204
18596,Ahmadabad,26513.0,India,25.3019,87.7938
18607,Karumandi Chellipalaiyam,26495.0,India,11.3019,77.586
18629,Maski,26440.0,India,15.9581,76.6569
18630,Tamarakulam,26438.0,India,9.4833,76.5
18632,Panchla,26432.0,India,22.54,88.14
18637,Mandi,26422.0,India,31.7069,76.9317
18638,Mavelikara,26421.0,India,9.267,76.55
18639,Mauganj,26420.0,India,24.68,81.88
18644,Beohari,26413.0,India,24.0242,81.3783
18646,Nadbai,26411.0,India,27.23,77.2
18661,Dinanagar,26394.0,India,32.15,75.4667
18664,Virakeralam,26392.0,India,11.0077,76.9126
18666,Rangia,26389.0,India,26.47,91.63
18669,Elakadu,26382.0,India,8.9009,76.8357
18675,Gundlupet,26368.0,India,11.8,76.68
18681,Reoti,26359.0,India,25.85,84.3833
18683,Panchanandapur,26358.0,India,24.9339,87.9761
18702,Cheranallur,26330.0,India,10.1807,76.4792
18711,Ubaidullahganj,26318.0,India,22.9983,77.5862
18721,Koelwar,26304.0,India,25.5805,84.7975
18733,Narasannapeta,26280.0,India,18.4167,84.05
18734,Rasiari,26279.0,India,26.0464,86.3471
18761,Mirganj,26240.0,India,26.3638,84.364
18762,Mel Bhuvanagiri,26240.0,India,11.438,79.6328
18765,Kudlu,26235.0,India,12.526,74.9687
18775,Tekkalakote,26224.0,India,15.5348,76.8785
18784,Talikota,26217.0,India,16.48,76.32
18787,Sograha,26205.0,India,25.4798,85.9992
18791,Vadakkanandal,26196.0,India,11.7739,78.8666
18792,Buddayyakota,26191.0,India,13.8196,78.1729
18793,Kottakota,26191.0,India,13.6592,78.2467
18794,Guruzala,26190.0,India,16.58,79.57
18809,Budhlada,26172.0,India,29.93,75.57
18814,Jirwa,26162.0,India,26.0064,86.8604
18815,Mankachar,26162.0,India,25.53,89.87
18827,Dum Duma,26143.0,India,27.5688,95.5566
18828,Suar,26142.0,India,29.027,79.057
18829,Guduru,26142.0,India,15.775,77.807
18831,Ringas,26139.0,India,27.37,75.57
18837,Bijbiara,26128.0,India,33.7938,75.107
18844,Baruni,26117.0,India,25.4751,85.9681
18845,Vadakku Viravanallur,26116.0,India,8.6979,77.5192
18862,Elangunnapuzha,26092.0,India,10.0167,76.2167
18863,Phulera,26091.0,India,26.874,75.2417
18866,Terdal,26088.0,India,16.5,75.05
18899,Renigunta,26031.0,India,13.65,79.52
18908,Sandi,26007.0,India,27.3,79.95
18923,Gahmar,25994.0,India,25.497,83.822
18927,Mangaldai,25989.0,India,26.43,92.03
18930,Dharmapuram,25982.0,India,8.1203,77.389
18932,Naduvannur,25979.0,India,11.4833,75.7667
18947,Chintalapudi,25952.0,India,17.0417,80.5901
18958,Masrakh,25936.0,India,26.1054,84.8026
18964,Mannachchanellur,25931.0,India,10.9078,78.7022
18967,Krishnapuram,25927.0,India,9.15,76.5
18969,Jaynagar-Majilpur,25922.0,India,22.1752,88.4201
18986,Gilarchat,25897.0,India,22.0703,88.4455
18994,Dhrol,25883.0,India,22.57,70.42
18998,Vesala,25875.0,India,12.162,75.4956
18999,Jharka,25875.0,India,26.3047,85.6686
19003,Perunkalattu,25864.0,India,12.9182,80.0824
19006,Kotal,25860.0,India,31.757,76.8729
19008,Gokarn,25851.0,India,14.55,74.3167
19021,Polasara,25829.0,India,19.6939,84.814
19024,Karkala,25824.0,India,13.2,74.983
19030,Vayakkalattu,25813.0,India,8.5285,77.1035
19035,Raman,25807.0,India,29.9504,74.9619
19038,Kadamalaikkundu,25794.0,India,9.811,77.5039
19041,Ladkhed,25791.0,India,20.32,77.77
19045,Mungaoli,25787.0,India,24.4084,78.0959
19046,Chhota Udepur,25787.0,India,22.3056,74.0139
19053,Karavaram,25779.0,India,8.7127,76.9524
19055,Koba,25778.0,India,21.2844,72.8763
19057,Bishunpur Sundar,25773.0,India,26.0579,86.9833
19058,Seondha,25773.0,India,26.1542,78.7812
19066,Cherukolattur,25767.0,India,11.1881,75.9173
19069,Chinna Salem,25761.0,India,11.6342,78.8741
19074,Vorkadi,25756.0,India,12.7598,74.9311
19115,Safipur,25688.0,India,26.73,80.35
19116,Nagod,25688.0,India,24.5692,80.5881
19120,Netapur Tanda,25678.0,India,16.8321,79.4356
19149,Nanminda,25628.0,India,11.4222,75.8319
19163,Kako,25605.0,India,25.2259,85.0642
19177,Tarkeshwar,25589.0,India,21.0957,72.8225
19178,Sirumugai,25585.0,India,11.3214,77.0052
19180,Chainpura,25584.0,India,25.52,86.31
19185,Nagar,25572.0,India,27.4247,77.0995
19193,Raghunathpur,25561.0,India,23.55,86.67
19195,Vijapur,25558.0,India,23.57,72.75
19202,Niramaruthur,25547.0,India,10.9267,75.9033
19204,Poranki,25545.0,India,16.4743,80.7128
19225,Nettappakkam,25503.0,India,11.8663,79.6327
19228,Bhikhi,25500.0,India,30.07,75.53
19248,Mannadipattu,25473.0,India,11.9842,79.6321
19260,Bathnaha,25458.0,India,26.6433,85.5747
19267,Pauri,25440.0,India,30.15,78.78
19275,Kiranur,25420.0,India,11.692,79.2899
19290,Chengannur,25391.0,India,9.3157,76.6151
19306,Nonahi,25366.0,India,26.7892,85.6482
19325,Timurni,25321.0,India,22.3712,77.2274
19329,Jevargi,25316.0,India,17.0139,76.7732
19353,Babra,25270.0,India,21.8442,71.3042
19359,Merkanam,25263.0,India,12.1942,79.9435
19364,Wadi,25258.0,India,17.07,76.98
19382,Ilaiyankudi,25233.0,India,9.6271,78.6247
19383,Mudgal,25233.0,India,16.0119,76.442
19407,Saranga,25200.0,India,22.54,88.21
19412,Uttaramerur,25194.0,India,12.616,79.753
19415,Kola,25191.0,India,22.43,87.87
19416,Latehar,25188.0,India,23.7442,84.4998
19421,Paonta Sahib,25183.0,India,30.438,77.624
19423,Tirora,25181.0,India,21.4072,79.9326
19424,Banhatti,25175.0,India,16.3853,75.1494
19432,Vasudevanallur,25161.0,India,9.2417,77.4118
19441,Gulam,25149.0,India,25.7965,86.7416
19443,Kasrawad,25146.0,India,22.1274,75.611
19444,Rajgurunagar,25146.0,India,18.8667,73.9
19446,Panagar,25143.0,India,23.3,79.98
19451,Pallappatti,25131.0,India,10.7198,77.8915
19453,Sahibpur Kamal,25128.0,India,25.4167,86.3901
19455,Sohwal,25123.0,India,26.75,81.9861
19456,Rania,25123.0,India,29.53,74.83
19463,Namrup,25107.0,India,27.1939,95.3193
19471,Muliyar,25095.0,India,12.5074,75.0957
19473,Sahjanwa,25091.0,India,26.75,83.2167
19474,Rajakheri,25091.0,India,23.8593,78.7852
19483,Jafarabad,25081.0,India,20.8667,71.3667
19492,Shrirangapattana,25061.0,India,12.414,76.704
19503,Nabinagar,25041.0,India,24.62,84.12
19504,Sohagpur,25040.0,India,22.7,78.2
19510,Barwa Sagar,25028.0,India,25.3799,78.739
19519,Barki Ballia,25020.0,India,25.4223,86.2758
19521,Simria,25017.0,India,25.9663,85.8324
19522,Trikodi,25015.0,India,11.4667,75.6167
19523,Hukeri,25014.0,India,16.23,74.6
19524,Naubatpur,25011.0,India,25.5,84.9611
19526,Pathiyanikunnu,25007.0,India,8.7733,76.8801
19528,Attili,25004.0,India,16.7,81.6
19530,Khed Brahma,25001.0,India,24.0283,73.0414
19536,Kali,25000.0,India,19.9436,77.7317
19537,Ayirurpara,25000.0,India,8.503,76.9522
19538,Parner,25000.0,India,19.003,74.438
19539,Lalru,25000.0,India,30.4867,76.8006
19540,Singhana,25000.0,India,27.98,75.8
19541,Kalamner,25000.0,India,20.4444,78.3256
19542,Sojitra,25000.0,India,22.55,72.7197
19543,Madha,25000.0,India,29.1966,76.0653
19544,Chanasma,25000.0,India,23.72,72.12
19545,Vodurivandlagudem,25000.0,India,16.4286,81.133
19546,Khiria Jhansi,25000.0,India,25.4639,78.5829
19547,Data,25000.0,India,29.267,75.995
19548,Malanvadi,25000.0,India,16.008,73.687
19573,Simaria,24998.0,India,25.4221,86.006
19580,Sidhauli,24976.0,India,27.28,80.83
19583,Tapa,24970.0,India,30.2979,75.3694
19586,Paduvari,24968.0,India,13.8833,74.6333
19589,Gajwel,24961.0,India,17.8517,78.6828
19590,Baindur,24957.0,India,13.866,74.6333
19612,Mundargi,24919.0,India,15.207,75.884
19616,Nainpur,24914.0,India,22.43,80.12
19625,Dugda,24904.0,India,23.7452,86.1717
19657,Karukurti,24860.0,India,10.2167,76.3833
19658,Kalavad,24857.0,India,22.22,70.38
19659,Edavanakad,24856.0,India,10.015,76.22
19664,Rangapara,24847.0,India,26.8377,92.6688
19665,Maduru,24843.0,India,14.7616,78.6171
19666,Cherukara,24842.0,India,9.4667,76.6
19667,Valambur,24841.0,India,11.0,76.2
19669,Ghoti Budrukh,24838.0,India,19.7167,73.6333
19672,Sirmatpur,24830.0,India,25.3235,87.3836
19675,Turuttikkara,24823.0,India,8.9438,76.6039
19684,Basopatti,24808.0,India,26.578,86.0052
19690,Kuttampuzha,24799.0,India,10.15,76.7333
19695,Khalari,24793.0,India,23.6506,85.0074
19702,Usia,24786.0,India,25.4309,83.7075
19705,Shivganj,24785.0,India,25.15,73.07
19756,Podaturpeta,24703.0,India,13.2817,79.4854
19758,Mairwa,24697.0,India,26.2322,84.1635
19768,Panapur,24678.0,India,25.6729,85.0715
19772,Patnagarh,24676.0,India,20.7083,83.1326
19776,Narasingapuram,24670.0,India,11.6038,78.5778
19783,Chandili,24664.0,India,19.2467,83.4058
19789,Pasighat,24656.0,India,28.07,95.33
19801,Palakodu,24640.0,India,12.3037,78.073
19802,Shamgarh,24637.0,India,24.18,75.63
19818,Navalgund,24613.0,India,15.57,75.37
19825,Pata Kalidindi,24600.0,India,16.5014,81.2908
19829,Ramdiri,24595.0,India,25.3118,86.1023
19837,Gorantla,24586.0,India,13.9892,77.7703
19842,Irugur,24581.0,India,11.0178,77.0629
19863,Kottapeta,24539.0,India,16.7167,81.9
19864,Cheruvaranam,24538.0,India,9.6522,76.3179
19870,Sirkhandi Bhitha,24525.0,India,26.6244,85.7787
19871,Dungra Chhota,24522.0,India,23.1667,74.3
19882,Akividu,24506.0,India,16.5812,81.3747
19883,Aklvidu,24506.0,India,16.6,81.3833
19890,Andhra Tharhi,24497.0,India,26.3771,86.3341
19891,Nij Khari,24496.0,India,22.0929,88.4288
19893,Tirumuruganpundi,24495.0,India,11.1649,77.3084
19894,Parambatt Kavu,24495.0,India,11.3268,75.8906
19898,Pindwara,24487.0,India,24.7945,73.055
19899,Dhamnagar,24486.0,India,20.9141,86.4468
19905,Khajuraho,24481.0,India,24.85,79.925
19909,Purwa,24467.0,India,26.47,80.78
19915,Sahaspur,24463.0,India,29.1208,78.6208
19919,Sahawar,24457.0,India,27.8,78.85
19927,Vinnamala,24446.0,India,13.9074,79.9086
19928,Bundu,24445.0,India,23.1609,85.5901
19934,Channagiri,24435.0,India,14.024,75.9258
19953,Ashwaraopeta,24405.0,India,17.25,81.1333
19955,Tirutturaippundi,24404.0,India,10.53,79.65
19958,Garhara,24397.0,India,25.4407,85.9983
19959,Panmana,24397.0,India,8.9333,76.6167
19984,Nagarpara,24354.0,India,25.4155,86.8832
19989,Paruthur,24345.0,India,10.8174,76.1178
19990,Sundarnagar,24344.0,India,31.53,76.88
19999,Singarayakonda,24324.0,India,15.25,80.0203
20001,Pallapatti,24319.0,India,9.4664,77.8219
20002,Iringal,24318.0,India,11.5667,75.6
20008,Bijawar,24306.0,India,24.6235,79.4899
20011,Velur,24305.0,India,11.1114,78.0048
20016,Koloriang,24300.0,India,27.9167,93.35
20026,Baheri,24284.0,India,25.9426,86.0471
20027,Maharajgani,24282.0,India,26.1075,84.5025
20039,Ayanavelikulangara Tekku,24268.0,India,9.0436,76.5199
20044,Umga,24261.0,India,24.6396,84.5577
20060,Mayang Imphal,24239.0,India,24.6,93.9
20067,Vettakkaranpudur,24235.0,India,10.5637,76.9166
20091,Naravarikuppam,24196.0,India,13.1913,80.1847
20092,Halikner,24196.0,India,17.85,77.27
20099,Maksi,24189.0,India,23.26,76.1457
20100,Mogalturru,24189.0,India,16.4167,81.6
20115,Ukkayapalle,24165.0,India,14.4898,78.8927
20116,Kosigi,24165.0,India,15.85,77.2667
20141,Loha,24125.0,India,18.9623,77.1309
20144,Tiruvattar,24119.0,India,8.3307,77.2673
20147,Sundararaopeta,24112.0,India,16.5193,80.6305
20155,Jaisinghpur,24101.0,India,26.6318,84.7855
20178,Sangrampur,24064.0,India,26.4752,84.6898
20184,Arttuvattala,24043.0,India,9.5167,76.3167
20189,Siswa,24039.0,India,26.7027,84.9133
20190,Suleswaranpatti,24038.0,India,10.6388,77.0084
20205,Yadiki,24018.0,India,15.05,77.88
20206,Tehri,24014.0,India,30.38,78.48
20211,Maheshwar,24000.0,India,22.11,75.35
20212,Payipira,24000.0,India,10.025,76.5569
20234,Sikandarpur,23986.0,India,26.0333,84.05
20242,Pennadam,23979.0,India,11.4039,79.2416
20263,Neduvattur,23951.0,India,8.9931,76.75
20281,Puyappalli,23924.0,India,8.9,76.75
20293,Sendamangalam,23913.0,India,11.2825,78.2339
20313,Matabhanga,23890.0,India,26.33,89.22
20315,Mulgund,23889.0,India,15.2807,75.5213
20323,Peringuzha,23878.0,India,9.9667,76.4167
20325,Karian,23873.0,India,25.8594,86.0104
20330,Koilkuntla,23859.0,India,15.2333,78.3167
20335,Herohalli,23851.0,India,12.9911,77.4873
20350,Mulakumud,23835.0,India,8.2681,77.286
20353,Annur,23828.0,India,11.2325,77.1069
20371,Kuju,23812.0,India,23.7254,85.5102
20373,Hungund,23808.0,India,16.0621,76.0586
20374,Kumar Khad,23806.0,India,26.5918,86.264
20379,Sulya,23796.0,India,12.561,75.3874
20380,Bithar,23795.0,India,26.6294,85.7697
20389,Dakor,23784.0,India,22.75,73.15
20390,Vallabh Vidyanagar,23783.0,India,22.56,72.95
20395,Tirumala,23778.0,India,13.6833,79.35
20397,Kagal,23775.0,India,16.58,74.32
20408,Verukulambu,23763.0,India,8.2953,77.2939
20417,Elukone,23741.0,India,8.9667,76.7167
20418,Lalgudi,23740.0,India,10.8712,78.8197
20419,Avanigadda,23737.0,India,16.0197,80.92
20420,Birpur,23736.0,India,26.5082,87.0119
20425,Mummidivaram,23732.0,India,16.65,82.1167
20435,Puduva,23717.0,India,9.977,76.226
20438,Devikolam,23709.0,India,10.0626,77.104
20439,Muluppilagadu,23709.0,India,11.8,75.45
20440,Karavalur,23709.0,India,8.9833,76.925
20458,Silappadi,23678.0,India,10.394,78.0078
20459,Anupshahr,23676.0,India,28.37,78.27
20460,Sanaur,23674.0,India,30.3018,76.4579
20466,Ālangulam,23658.0,India,8.864,77.4994
20467,Yellapur,23658.0,India,14.9637,74.7093
20470,Kunnada,23655.0,India,9.2333,76.6667
20481,Chandrakona,23629.0,India,22.73,87.52
20489,Mannamturuttu,23615.0,India,9.9008,76.39
20500,Kulgam,23584.0,India,33.64,75.02
20508,Perungudi,23579.0,India,8.2792,77.6031
20520,Toda Rai Singh,23559.0,India,26.0167,75.4833
20521,Peravur,23558.0,India,11.8962,75.7342
20525,Gollapudi,23555.0,India,16.5412,80.5784
20526,Dhing,23554.0,India,26.4679,92.4734
20532,Belsand,23548.0,India,26.4436,85.4008
20548,Honavar,23527.0,India,14.2809,74.445
20560,Kadavur,23502.0,India,9.3436,76.5347
20563,Arukutti,23500.0,India,9.8309,76.427
20566,Nayanakulam,23499.0,India,9.9611,78.1371
20579,Koili Simra,23480.0,India,25.4714,87.2175
20583,Chanaur,23478.0,India,25.851,86.6739
20585,Gauripur,23477.0,India,26.08,89.97
20587,Kharupatia,23473.0,India,26.5184,92.1472
20599,Madangir,23448.0,India,28.3553,76.9327
20606,Rampura,23439.0,India,24.467,75.44
20615,Badnawar,23424.0,India,23.0218,75.2327
20621,Kailashahar,23418.0,India,24.33,92.02
20626,Srvanampatti,23412.0,India,11.0764,77.0045
20630,Burhar,23395.0,India,23.2149,81.532
20643,Ponda,23381.0,India,15.4034,74.0152
20652,Vanimel,23368.0,India,11.7197,75.699
20661,Dighwa,23353.0,India,26.2437,84.7532
20662,Sakleshpur,23352.0,India,12.893,75.725
20667,Sandwa,23348.0,India,27.75,74.1667
20668,Tazhava,23341.0,India,9.0833,76.5333
20669,Madappalli,23341.0,India,9.0833,76.5333
20673,Piravanthur,23336.0,India,9.05,76.9167
20676,Mandawa,23335.0,India,28.0554,75.1483
20690,Minja,23318.0,India,12.7083,74.95
20697,Ron,23311.0,India,15.67,75.73
20714,Kedavur,23283.0,India,11.4167,75.9333
20724,Mulampilli,23272.0,India,10.1083,76.4167
20731,Tekari,23259.0,India,24.9425,84.8427
20753,Vaikam,23234.0,India,9.75,76.3928
20755,Kun Puhal,23229.0,India,33.0058,76.5334
20760,Samrala,23218.0,India,30.836,76.1932
20763,Kedia,23213.0,India,23.7945,85.5872
20770,Patakakani,23201.0,India,16.34,80.4908
20773,Manambur,23198.0,India,8.7206,76.7635
20777,Tranquebar,23191.0,India,11.0292,79.8494
20780,Kazhukambalam,23186.0,India,10.0333,76.4
20787,Ponmundam,23173.0,India,10.9628,75.9519
20788,Kannamangalam Tekku,23173.0,India,9.2167,76.4833
20797,Sonepur,23152.0,India,20.8333,83.9167
20802,Ravulapalem,23142.0,India,16.4833,81.9833
20813,Lalganj,23124.0,India,26.1277,80.7855
20816,Mahthi,23121.0,India,25.7281,86.0093
20826,Singhara Buzurg,23109.0,India,25.7964,85.4539
20830,Vuliyattara,23105.0,India,8.5933,76.9506
20831,Sonari,23102.0,India,27.0246,95.0163
20832,Engandiyur,23101.0,India,10.5,76.04
20844,Khirkiyan,23082.0,India,22.1673,76.8614
20847,Vilachcheri,23077.0,India,9.8937,78.0603
20855,Pallikondai,23067.0,India,12.9167,78.9333
20859,Asafabad,23059.0,India,19.365,79.274
20864,Velugodu,23048.0,India,15.7817,78.6892
20873,Koiri Bigha,23037.0,India,25.2167,85.0667
20880,Anjarkandi,23030.0,India,11.8822,75.5097
20889,Kulattuppalaiyam,23018.0,India,10.7613,77.5843
20894,Khaira Tola,23011.0,India,26.8958,84.1403
20914,Dindori,22997.0,India,22.9414,81.0797
20928,Vandiperiyar,22978.0,India,9.57,77.0906
20936,Latauna,22968.0,India,26.0912,86.8809
20950,Muttupet,22945.0,India,10.395,79.4935
20954,Abu,22943.0,India,24.5925,72.7083
20977,Bhiraha,22904.0,India,25.7978,86.0736
20982,Vadakarai Kil Pidagai,22900.0,India,9.0401,77.2741
20992,Vellalur,22888.0,India,10.9775,77.026
21004,Mahadebnagar,22876.0,India,24.6896,87.9384
21013,Bhadas,22866.0,India,25.5184,86.4434
21036,Nayagaon,22839.0,India,26.7486,76.3273
21038,Chitarpur,22837.0,India,23.5794,85.6548
21046,Ahwa,22829.0,India,20.75,73.6833
21051,Pawni,22821.0,India,20.78,79.63
21063,Zunheboto,22809.0,India,26.0146,94.5264
21064,Pulimathu,22808.0,India,8.742,76.8941
21074,Achhnera,22781.0,India,27.18,77.77
21077,Gormi,22779.0,India,26.6003,78.5119
21081,Naraura,22775.0,India,28.1967,78.3814
21088,Pariyapuram,22766.0,India,11.0146,75.8746
21089,Kavallemmavu,22765.0,India,9.4361,76.8819
21090,Kodarma,22764.0,India,24.4675,85.594
21091,Kaler,22763.0,India,25.118,84.4955
21097,Kanchika,22756.0,India,16.6856,80.3892
21098,Nasrullahganj,22756.0,India,22.6837,77.2707
21099,Vernag,22752.0,India,33.5377,75.2503
21107,Vayanur,22743.0,India,12.0699,75.6825
21117,Chunakara Vadakku,22730.0,India,9.1853,76.5995
21118,Curchorem,22730.0,India,15.2603,74.1083
21122,Kerur,22726.0,India,16.0138,75.5463
21132,Kittanapalli,22714.0,India,12.5133,78.1844
21133,Muradpur,22714.0,India,25.8,86.0055
21137,Nakur,22712.0,India,29.9189,77.3044
21149,Dalan,22689.0,India,25.603,87.5592
21154,Patharia,22684.0,India,23.8992,79.1939
21158,Mallasamudram,22678.0,India,11.4933,78.0312
21162,Moirang,22674.0,India,24.349,93.69
21163,Dip,22673.0,India,26.2369,86.3107
21177,Bagula,22649.0,India,23.335,88.644
21182,Pullappalli,22640.0,India,9.6833,76.6167
21191,Chincholi,22630.0,India,17.4651,77.4187
21193,Manimala,22629.0,India,9.5736,77.0819
21203,Timmapur,22608.0,India,19.0484,78.6414
21209,Hirpardangal,22599.0,India,24.0474,86.8648
21210,Manki,22599.0,India,14.1789,74.4818
21233,Govardhan,22576.0,India,27.5,77.47
21239,Talayolaparambu,22571.0,India,9.785,76.4481
21245,Raman Mandi,22553.0,India,29.9504,74.9619
21248,Pokhuria,22550.0,India,25.2379,87.6459
21254,Vengattur,22540.0,India,13.0999,79.9321
21260,Melila,22529.0,India,9.0083,76.85
21262,Bobleshwar,22528.0,India,16.83,75.73
21265,Katangi,22521.0,India,23.4412,79.7962
21270,Jogipet,22512.0,India,17.8356,78.0681
21273,Hulikal,22511.0,India,11.3193,76.7732
21279,Reni,22500.0,India,27.161,76.713
21291,Chavassheri,22480.0,India,11.9647,75.6176
21299,Chatayamangalam,22473.0,India,8.8421,76.8644
21303,Kondazhi,22465.0,India,10.727,76.3954
21314,Pullanpallikonam,22452.0,India,8.6976,76.9582
21320,Aymangala,22436.0,India,12.0333,75.7333
21327,Alwaye,22428.0,India,10.1167,76.35
21328,Sarea Khas,22428.0,India,26.635,84.5483
21329,Junnardev,22426.0,India,22.2,78.58
21346,Bermo,22396.0,India,23.7878,85.9353
21362,Perundurai,22364.0,India,11.2777,77.5837
21379,Gurmatkal,22338.0,India,16.8677,77.3909
21385,Sambhar,22327.0,India,26.9121,75.1836
21392,Taulaha,22321.0,India,26.9566,84.0731
21394,Bhawanigarh,22320.0,India,30.27,76.04
21403,Panniyannur,22308.0,India,11.7538,75.5528
21435,Tiruttangal,22265.0,India,9.4833,77.8333
21440,Nagla,22258.0,India,29.01,79.51
21442,Ankireddikuntapalem,22256.0,India,15.9154,80.2108
21443,Bhatpuri,22255.0,India,29.17,79.16
21444,Chausa,22253.0,India,25.5283,87.0322
21446,Singampunari,22252.0,India,10.1815,78.4231
21448,Athiringal,22250.0,India,9.0667,76.5
21455,Alangayam,22243.0,India,12.6223,78.7521
21466,Kundgol,22228.0,India,15.2561,75.2474
21470,Metekora,22225.0,India,22.1189,88.5772
21477,Dasnapur,22216.0,India,19.4482,78.6129
21483,Tiruverumbur,22207.0,India,10.7937,78.769
21485,Zirapur,22205.0,India,24.0222,76.3771
21497,Adalhat,22194.0,India,25.282,82.9563
21502,Kondalampatti,22186.0,India,11.6262,78.1189
21503,Pattiyurgramam,22184.0,India,9.2,76.5
21506,Gubbi,22182.0,India,13.3122,76.941
21510,Bakhri,22179.0,India,25.5989,86.2607
21529,Vellithiruthi,22155.0,India,10.6434,76.1624
21532,Sarapaka,22149.0,India,17.6922,80.8614
21536,Vayalar,22145.0,India,9.775,76.4292
21537,Katkol,22143.0,India,15.95,75.3
21539,Bhanvad,22142.0,India,21.93,69.78
21542,Pirmed,22130.0,India,9.3667,76.8708
21553,Talwandi Sabo,22115.0,India,29.9838,75.082
21568,Peravurani,22084.0,India,10.3,79.18
21570,Howli,22083.0,India,26.4224,90.98
21584,Kalchini,22072.0,India,26.6889,89.4483
21590,Parsagarhi,22057.0,India,26.0935,87.0672
21593,Ādampur,22053.0,India,31.4322,75.7148
21594,Chhanera,22052.0,India,21.623,76.372
21601,Aswapuram,22044.0,India,17.8348,80.8236
21602,Khandela,22044.0,India,27.36,75.3
21615,Jawad,22026.0,India,24.5992,74.8626
21616,Naregal,22024.0,India,15.5732,75.808
21634,Jugial,22001.0,India,32.3684,75.6782
21638,Saoner,22000.0,India,21.3858,78.9201
21639,Bukkarayasamudram,22000.0,India,14.6944,77.6381
21658,Unchahra,21996.0,India,24.3825,80.7809
21662,Dras,21988.0,India,34.4468,75.7586
21681,Kuppam,21963.0,India,12.75,78.37
21691,Chakia,21948.0,India,26.416,85.0467
21693,Pocharam,21946.0,India,17.4255,78.645
21696,Ramantali,21937.0,India,12.05,75.1833
21721,Kachhari,21900.0,India,22.0808,88.6511
21730,Vanthli,21891.0,India,21.4778,70.3306
21731,Silvassa,21890.0,India,20.2708,73.005
21760,Rajauli,21846.0,India,24.6449,85.5003
21775,Mangalvedha,21824.0,India,17.5167,75.4667
21777,Danwan,21823.0,India,25.5292,84.4598
21778,Puttige,21823.0,India,12.6191,75.0129
21780,Kizhakkemanad,21820.0,India,9.0174,76.6509
21792,Pallippuram,21809.0,India,10.8406,76.1118
21796,Muzhakkunnu,21807.0,India,11.9528,75.6694
21809,Morinda,21788.0,India,30.79,76.5
21817,Tuneri,21780.0,India,11.6833,75.6167
21823,Surpur,21772.0,India,23.1895,73.8928
21824,Bhanpura,21772.0,India,24.5108,75.7483
21826,Chatra Gobraura,21769.0,India,26.4973,86.2179
21832,Mailavaram,21763.0,India,16.7833,80.6333
21840,Shendurjana,21748.0,India,21.5217,78.2908
21842,Sarai Ranjan,21747.0,India,25.7671,85.7245
21845,Banapur,21745.0,India,19.7789,85.1703
21850,Anamalais,21736.0,India,10.583,76.9344
21854,Kalleribhagam,21732.0,India,9.05,76.55
21856,Vamanapuram,21729.0,India,8.7251,76.9012
21865,Idukki,21724.0,India,9.85,76.97
21868,Vendram,21718.0,India,16.562,81.4696
21885,Chagallu,21703.0,India,16.9833,81.6667
21892,Qadirganj,21692.0,India,24.9138,85.5926
21895,Kadiapattanam,21684.0,India,8.1312,77.3067
21897,Pampur,21680.0,India,34.02,74.93
21906,Senda,21668.0,India,24.4017,87.9875
21913,Nangavaram,21658.0,India,10.8692,78.5392
21916,Papanasam,21653.0,India,10.9273,79.2708
21918,Jaipur Chuhar,21651.0,India,25.4187,86.8352
21919,Anuppur,21651.0,India,23.1034,81.6908
21920,Kanke,21650.0,India,23.4348,85.3206
21924,Raja Pakar,21644.0,India,25.735,85.3376
21925,Tiruvankod,21644.0,India,8.2452,77.301
21943,Pushkar,21626.0,India,26.4877,74.5559
21956,Nerupperichchal,21611.0,India,11.161,77.374
21958,Amarpatan,21609.0,India,24.3137,80.977
21968,Ādra,21600.0,India,23.5,86.67
21990,Mandapam,21572.0,India,9.2822,79.1436
21992,Pakala,21565.0,India,13.4667,79.1167
22001,Kalpakathukonam,21555.0,India,8.8325,76.7453
22010,Naranammalpuram,21539.0,India,8.7599,77.7399
22020,Sermadevi,21523.0,India,8.6873,77.5662
22038,Alnavar,21502.0,India,15.4273,74.7411
22045,North Guwahati,21497.0,India,26.19,91.71
22046,Muthutala,21496.0,India,10.78,76.17
22062,Kodikuthi,21470.0,India,9.4667,76.95
22069,Madakasira,21464.0,India,13.9369,77.2694
22077,Ganapavaram,21457.0,India,16.1233,80.1721
22085,Paravai,21447.0,India,9.969,78.0613
22086,Pendurti,21447.0,India,17.8278,83.2022
22087,Bariarpur,21446.0,India,25.686,86.0295
22097,Āndippatti,21435.0,India,9.998,77.621
22098,Maruturu,21434.0,India,15.9862,80.1041
22107,Noamundi,21423.0,India,22.1609,85.5042
22117,Srivaikuntam,21411.0,India,8.6318,77.913
22131,Pamarru,21395.0,India,16.327,80.961
22133,Shirhatti,21394.0,India,15.2313,75.5772
22137,Khowai,21387.0,India,24.065,91.605
22138,Mohiuddinnagar,21386.0,India,25.7428,86.0812
22144,Singur,21382.0,India,22.81,88.23
22146,Gummudipundi,21378.0,India,13.3995,80.1187
22172,Tiruppuvanam,21350.0,India,9.855,78.2744
22177,Mundgod,21348.0,India,14.9714,75.0366
22179,Kasumpti,21345.0,India,31.07,77.18
22182,Padmanabhapuram,21342.0,India,8.2446,77.3367
22186,Pambadi,21338.0,India,9.4264,76.5611
22193,Sriperumbudur,21325.0,India,12.968,79.9473
22210,Nirmali,21306.0,India,26.314,86.5854
22211,Narippatta,21304.0,India,11.6972,75.7181
22220,Kaduturutti,21295.0,India,9.7833,76.3
22224,Kaikalur,21292.0,India,16.5509,81.2
22227,Chagalamarri,21289.0,India,14.9667,78.5833
22230,Sevilimedu,21285.0,India,12.8083,79.6864
22249,Iruttarakonam,21256.0,India,8.5863,76.8976
22254,Namagiripettai,21250.0,India,11.47,78.27
22256,Koduvilarpatti,21242.0,India,9.9695,77.4915
22266,Narkher,21227.0,India,21.4383,78.5683
22268,Tadikombu,21226.0,India,10.439,77.9546
22276,Pillaiyarkuppam,21219.0,India,11.8119,79.7922
22281,Kosgi,21215.0,India,16.9878,77.7169
22286,Parasi,21203.0,India,24.1908,82.7817
22295,Chorwad,21196.0,India,21.0167,70.2333
22296,Ratu,21196.0,India,23.4204,85.2146
22301,Nagamangala,21188.0,India,12.8194,76.7546
22304,Rupauli,21186.0,India,25.8695,87.06
22311,Belonia,21176.0,India,23.25,91.45
22313,Lathi,21173.0,India,21.45,71.38
22318,Sarari,21168.0,India,26.2523,84.5484
22330,Kuttikkattur,21154.0,India,11.2667,75.875
22333,Morasar,21150.0,India,23.0942,72.5961
22342,Kannanendal,21137.0,India,9.9649,78.1416
22345,Saurh,21134.0,India,25.3789,86.8223
22353,Adigaratti,21123.0,India,11.3357,76.6971
22364,Irukanni,21111.0,India,11.75,76.1833
22366,Āmodei,21105.0,India,26.8975,84.8182
22367,Banki,21105.0,India,20.3791,85.5295
22374,Tehata,21093.0,India,23.7,88.55
22391,Paiganapalli,21069.0,India,12.476,78.1748
22399,Behat,21059.0,India,26.2435,86.2799
22425,Patpara,21024.0,India,26.4328,86.1916
22436,Timmarasanayakkanur,21014.0,India,10.0015,77.6769
22443,Manjhi,21007.0,India,25.8384,84.5788
22444,Fatehgarh Churian,21007.0,India,31.8643,74.9567
22446,Samba,21006.0,India,32.5624,75.1199
22450,Daddi,21004.0,India,16.0667,74.4333
22459,Sancoale,21000.0,India,15.4708,73.8431
22460,Kudal,21000.0,India,17.8356,73.9175
22483,Tufanganj,20998.0,India,26.3345,89.6699
22487,Vadakkum,20993.0,India,9.0167,76.55
22496,Daboh,20984.0,India,26.0024,78.8766
22498,Nizampatam,20982.0,India,15.9,80.6667
22524,Hirekerur,20951.0,India,14.4551,75.3952
22533,Cuncolim,20935.0,India,15.1773,73.9939
22537,Damua,20931.0,India,22.1929,78.467
22541,Nambiyur,20927.0,India,11.3581,77.3211
22556,Vakkam,20899.0,India,8.69,76.77
22558,Pudupattanam,20897.0,India,12.5037,80.1507
22567,Balugan,20886.0,India,19.7333,85.2167
22571,Koath,20875.0,India,25.3264,84.2598
22579,Palavur,20870.0,India,8.2055,77.5755
22587,Mudakkal,20862.0,India,8.7011,76.8589
22589,Aurad,20861.0,India,18.254,77.4176
22616,Harohalli,20840.0,India,12.6801,77.4699
22634,Bhainsdehi,20811.0,India,21.6449,77.6302
22636,Devirammanahalli,20804.0,India,12.1922,76.6653
22638,Mariani,20801.0,India,26.67,94.33
22647,Alta,20791.0,India,17.25,74.57
22651,Peringanad,20785.0,India,9.1525,76.6988
22664,Barhampur,20764.0,India,26.3042,86.4729
22669,Palkonda,20760.0,India,18.6,83.75
22673,Yermal,20756.0,India,13.1675,74.7619
22677,Valljkkod,20750.0,India,9.23,76.7711
22679,Banganapalle,20749.0,India,15.3167,78.2333
22682,Kuknur,20747.0,India,15.49,75.9914
22684,Narwar,20742.0,India,25.6439,77.9129
22687,Mathukumnel,20740.0,India,9.2167,76.4583
22691,Sonbarsa,20735.0,India,25.764,84.489
22693,Tittagudi,20734.0,India,11.4167,79.1167
22699,Gannavaram,20728.0,India,16.5333,80.8
22702,Achampet,20721.0,India,16.399,78.637
22722,Kolaras,20700.0,India,25.2193,77.6117
22726,Chithara,20694.0,India,8.8025,76.9792
22731,Baroda,20688.0,India,25.5,76.65
22758,Muttatodi,20658.0,India,12.5417,75.0194
22768,Vinjamur,20639.0,India,15.1167,79.4167
22784,Kamalapuram,20623.0,India,14.5833,78.65
22798,Hardi,20611.0,India,26.0785,86.6809
22813,Patuvilayi,20598.0,India,11.8667,75.5194
22820,Jatara,20590.0,India,25.0096,79.0487
22824,Savda,20584.0,India,21.15,75.88
22846,Chintalapalle,20558.0,India,15.04,76.2
22849,Sultanpur,20553.0,India,31.2235,75.2041
22850,Honnali,20549.0,India,14.2399,75.6474
22876,Maniyamturuttu,20532.0,India,9.7943,76.4179
22879,Sonkach,20529.0,India,22.9717,76.3467
22885,Vadamadurai,20524.0,India,10.4408,78.0978
22886,Madipakkam,20523.0,India,12.9623,80.1986
22887,Chennimalai,20522.0,India,11.1638,77.6039
22902,Muhammadabad,20504.0,India,27.3333,79.5
22911,Nellimarla,20498.0,India,18.1667,83.4333
22918,Nahorkatiya,20490.0,India,27.2891,95.3418
22930,Bhojpur Kadim,20474.0,India,25.5841,84.1265
22942,Kizhattur,20457.0,India,11.05,76.2167
22958,Keevallur,20440.0,India,11.9167,75.55
22972,Baud,20424.0,India,20.84,84.32
22977,Koipadi,20418.0,India,12.5846,74.9404
22986,Pariyaram,20405.0,India,12.0732,75.2917
22998,Puduppalli Kunnam,20390.0,India,9.15,76.4833
23001,Chokkampatti,20383.0,India,9.1259,77.3634
23007,Barki Saria,20375.0,India,24.1759,85.8894
23008,Ramnagar Farsahi,20374.0,India,25.8904,87.1284
23016,Kuttampala,20369.0,India,12.1216,75.4829
23027,Karaiyampudur,20354.0,India,11.0077,77.2942
23039,Harpalpur,20341.0,India,25.2877,79.3328
23043,Makhtal,20339.0,India,16.5012,77.5156
23044,Mundra,20338.0,India,22.85,69.73
23055,Dharmkot,20326.0,India,30.9456,75.2324
23064,Baihar,20314.0,India,22.1013,80.5497
23067,Katakos,20304.0,India,25.3339,87.6715
23073,Chandragiri,20299.0,India,13.5833,79.3167
23092,Shamgarh,20273.0,India,25.8935,86.8759
23098,Gopavaram,20267.0,India,14.7841,78.5729
23099,Devrukh,20264.0,India,17.065,73.6158
23103,Pulicat,20260.0,India,13.4161,80.3168
23106,Parkal,20257.0,India,18.2,79.7167
23112,Chodavaram,20251.0,India,17.8333,82.95
23114,Husainpur,20244.0,India,31.3387,75.1969
23119,Raipura,20238.0,India,32.788,74.7785
23126,Samthar,20227.0,India,25.84,78.9
23129,Belur,20225.0,India,13.1629,75.8571
23133,Edakkunnam,20220.0,India,9.5333,76.8333
23134,Khilchipur,20218.0,India,24.0394,76.578
23143,Chandpur,20207.0,India,25.5059,87.2488
23146,Pennagaram,20203.0,India,12.1343,77.8952
23149,Tondi,20201.0,India,9.7417,79.0177
23178,Talayazham,20171.0,India,9.6986,76.4236
23183,Pargi,20164.0,India,17.1756,77.8781
23185,Sivagiri,20160.0,India,9.33,77.43
23186,Nelkattumseval,20160.0,India,9.2361,77.4606
23191,Erragondapalem,20155.0,India,16.0397,79.3043
23192,Aurad Shahjahani,20154.0,India,18.0958,76.8881
23196,Bhitarwar,20148.0,India,25.7922,78.1108
23200,Kheralu,20143.0,India,23.88,72.62
23202,Mattigiri,20139.0,India,12.698,77.8083
23203,Ālampalaiyam,20136.0,India,11.3635,77.7677
23206,Teonthar,20135.0,India,24.9821,81.6419
23207,Karukachal,20133.0,India,9.5,76.6333
23210,Farakka,20126.0,India,24.819,87.911
23216,Vettikkavala,20118.0,India,8.9833,76.8167
23236,Kulpahar,20096.0,India,25.319,79.641
23250,Lonar,20082.0,India,19.9853,76.5205
23253,Virarajendrapet,20081.0,India,12.1964,75.8051
23258,Depalpur,20077.0,India,22.8509,75.5422
23259,Sidhapa,20075.0,India,26.5355,86.3355
23263,Dhorimanna,20071.0,India,25.1997,71.4331
23275,Kartikapalli,20052.0,India,9.2603,76.4498
23283,Kannod,20044.0,India,22.6676,76.7429
23292,Bhopatpur,20036.0,India,26.4495,84.8545
23321,Kandakkadava,20010.0,India,9.7,76.3
23323,Goraya,20008.0,India,31.1241,75.7724
23335,Shri Mahavirji,20000.0,India,26.6833,76.9167
23336,Tadas,20000.0,India,15.1333,75.1167
23337,Asarganj,20000.0,India,25.15,86.68
23338,Rankhandi,20000.0,India,29.6167,77.65
23339,Bhaluhar,20000.0,India,24.82,84.65
23340,Mandi Bamora,20000.0,India,24.08,78.08
23341,Bareja,20000.0,India,22.85,72.5833
23342,Sikka,20000.0,India,22.4244,69.842
23343,Munak,20000.0,India,29.5203,76.8401
23344,Pirbahora,20000.0,India,28.364,79.415
23345,Hudli,20000.0,India,15.88,74.56
23346,Mangapet,20000.0,India,18.25,80.52
23347,Bazidpur Madhaul,20000.0,India,25.5236,85.4572
23348,Suroth,20000.0,India,26.8098,77.147
23349,Sujnipur,20000.0,India,23.9667,71.8167
23350,Marjampad,20000.0,India,16.592,79.908
23351,Sohana,20000.0,India,30.6833,76.7
23352,Chimthana,20000.0,India,21.18,74.69
23353,Ankalgi,20000.0,India,16.0333,74.7
23354,Kothanuru,20000.0,India,16.0022,81.0417
23355,Tuminkatti,20000.0,India,14.4131,75.6206
23356,Naranda,20000.0,India,19.7739,79.1365
23357,Sonaimukh,20000.0,India,24.7333,92.8903
23389,Garhshankar,19995.0,India,31.2154,76.1415
23399,Sanrh Majhgawan,19984.0,India,24.6845,85.365
23400,Palashi,19984.0,India,23.8,88.25
23404,Kumil,19978.0,India,8.7833,76.9333
23409,Shiruru,19972.0,India,13.908,74.6058
23412,Vairag,19970.0,India,18.05,75.8
23413,Valiyakumaramangalam,19970.0,India,9.8333,76.7833
23415,Kadakola,19969.0,India,12.1922,76.6653
23432,Bhasawar,19946.0,India,27.0361,77.0528
23442,Venmani,19932.0,India,9.2444,76.6131
23446,Koskapur,19930.0,India,26.0216,87.2279
23449,Chatia,19924.0,India,26.5396,84.566
23450,Andal,19924.0,India,23.6,87.2
23455,Dhanaula,19920.0,India,30.28,75.58
23456,Palliman,19920.0,India,8.9,76.7139
23464,Senapparetti,19909.0,India,10.9625,78.1132
23465,Pukhrayan,19908.0,India,26.23,79.85
23492,Gil,19881.0,India,30.8469,75.8636
23500,Karlapalem,19874.0,India,15.9333,80.55
23516,Bara Malehra,19858.0,India,24.5681,79.3069
23520,Umrapur,19855.0,India,24.5863,87.9294
23545,Khizrpur,19817.0,India,30.5843,76.7572
23546,Kolavallur,19817.0,India,11.7788,75.6298
23550,Jambai,19814.0,India,11.4678,77.6434
23556,Anghad,19805.0,India,22.3913,72.9946
23557,Mannur,19805.0,India,10.804,76.4652
23559,Kochas,19803.0,India,25.234,83.9215
23560,Kamakhyanagar,19803.0,India,20.9338,85.5449
23570,Kannankurichchi,19792.0,India,11.6969,78.1794
23592,Kattanam,19764.0,India,9.1764,76.5641
23594,Ghatkesar,19763.0,India,17.4494,78.6853
23597,Bishunpur,19760.0,India,26.0868,86.6541
23613,Pattamadai,19743.0,India,8.6726,77.5845
23619,Thimiri,19737.0,India,12.8283,79.3079
23620,Beldaur,19737.0,India,25.5947,86.7909
23621,Cherakhera,19736.0,India,25.6869,86.4187
23626,Kanekallu,19731.0,India,14.8864,77.0317
23641,Payimattam,19711.0,India,10.0255,76.4507
23646,Lehara,19697.0,India,26.1515,86.1034
23653,Dicholi,19685.0,India,15.5932,73.9457
23654,Mokeri,19684.0,India,11.7432,75.6178
23656,Katpadi,19683.0,India,12.9695,79.1455
23659,Kanniyakumari,19678.0,India,8.0883,77.5385
23669,Udalguri,19664.0,India,26.7537,92.1021
23671,Budipuram,19661.0,India,10.3606,78.0106
23674,Pichor,19656.0,India,25.1756,78.1886
23682,Kondur,19647.0,India,9.6856,76.7622
23693,Nilakkottai,19630.0,India,10.17,77.87
23695,Hanumana,19629.0,India,24.7789,82.096
23703,Ramjibanpur,19611.0,India,22.83,87.62
23708,Mayahaura,19604.0,India,22.1898,88.5033
23715,Sadpur,19600.0,India,25.4758,86.3786
23728,Bidkingaon,19596.0,India,19.7062,75.3001
23742,Punjai Puliyampatti,19578.0,India,11.3516,77.1667
23759,Vallam,19557.0,India,10.7199,79.0598
23760,Morwa,19555.0,India,25.803,85.6861
23768,Huseni,19546.0,India,26.3768,84.7952
23769,Pathrajolhania,19546.0,India,26.1369,86.6614
23770,Tirthahalli,19546.0,India,13.6884,75.2455
23772,Jhalida,19544.0,India,23.37,85.97
23776,Mihona,19542.0,India,26.2837,78.9805
23777,Marahra,19542.0,India,27.75,78.5667
23786,Rajaudha,19534.0,India,26.7046,78.4223
23802,Parsahi Sirsia,19517.0,India,26.4676,86.4984
23806,Kalayapuram,19510.0,India,9.0545,76.7696
23807,Āmta,19510.0,India,22.5834,88.0104
23811,Mahinawan,19508.0,India,26.0208,86.1672
23812,Tibba,19508.0,India,30.4876,75.6967
23813,Akanavaritota,19507.0,India,16.4141,81.6367
23833,Nilgiri,19479.0,India,21.6466,86.9199
23843,Jagalur,19462.0,India,14.5196,76.3391
23844,Krishnapur,19462.0,India,24.4123,88.2582
23846,Sondiha,19455.0,India,24.895,87.0175
23849,Ramchandrapur,19452.0,India,24.0154,87.9446
23850,Teghra English,19452.0,India,25.4072,87.741
23853,Narsapur,19450.0,India,17.7374,78.2805
23880,Karttigappalli,19417.0,India,11.6,75.6667
23885,Samalapuram,19410.0,India,11.0724,77.198
23886,Salangaippalaiyam,19406.0,India,11.426,77.5707
23893,Yandrapalle,19398.0,India,16.0472,79.3073
23894,Pahsara,19396.0,India,25.5482,86.1667
23907,Kalghatgi,19377.0,India,15.1832,74.971
23908,Shikrapur,19374.0,India,18.6936,74.1381
23910,Manjathala,19373.0,India,11.3624,76.7789
23918,Abhayapuri,19368.0,India,26.3225,90.6853
23919,Kakdwip,19368.0,India,21.8791,88.1913
23929,Rifadpur,19359.0,India,25.2635,87.4157
23941,Kuttyadi,19351.0,India,11.6542,75.7539
23947,Oruvadalkotta,19345.0,India,8.4778,77.1347
23959,Sorada,19335.0,India,19.7608,84.43
23967,Bholsar,19327.0,India,25.2133,87.2147
23972,Peruru,19323.0,India,14.3503,77.3497
23974,Tevaram,19320.0,India,9.8967,77.2809
23978,Palera,19314.0,India,25.0201,79.2282
23979,Panniperumthalai,19312.0,India,10.6986,76.6875
23982,Assamannur,19311.0,India,10.1129,76.5517
23983,Pohadi,19311.0,India,26.0809,86.2831
23987,Pottanikad,19309.0,India,10.0061,76.6808
23998,Sirvar,19295.0,India,16.1739,77.0225
24006,Bhojpur Jadid,19281.0,India,25.588,84.1621
24015,Indargarh,19268.0,India,25.9109,78.5619
24018,Kudra,19265.0,India,25.0463,83.7926
24022,Babai,19260.0,India,22.7026,77.9349
24036,Sirnia,19240.0,India,25.4903,87.5892
24038,Holalkere,19237.0,India,14.0429,76.185
24044,Garot,19231.0,India,24.3234,75.652
24047,Ghosai,19229.0,India,25.5562,87.0304
24058,Eruvatti,19216.0,India,12.05,75.55
24059,Cheticheri,19216.0,India,12.095,75.5451
24075,Rangra,19203.0,India,25.3803,87.1866
24078,Devgadh Bariya,19201.0,India,22.7022,73.915
24089,Binka,19191.0,India,21.0263,83.812
24090,Khamaria,19191.0,India,23.2129,80.0313
24099,Pattiayal,19186.0,India,12.4356,75.0691
24100,Dumra,19186.0,India,26.5671,85.5204
24101,Pokaran,19186.0,India,26.92,71.92
24106,Sirpur,19183.0,India,19.4833,79.6
24109,Maghar,19181.0,India,26.76,83.13
24112,Ghogardiha,19174.0,India,26.2799,86.47
24119,Raita,19158.0,India,32.5495,76.239
24126,Tiruvadi,19154.0,India,10.8805,79.1049
24133,Biswanath Chariali,19145.0,India,26.7278,93.1517
24140,Siralkoppa,19141.0,India,14.3807,75.2501
24144,Kodumba,19138.0,India,10.7333,76.6833
24147,Iramala,19137.0,India,10.0374,76.5135
24159,Chennirkara,19124.0,India,9.2487,76.7248
24160,Mavinpalli,19124.0,India,17.91,77.53
24166,Morauna,19121.0,India,26.1706,86.4231
24167,Shahgarh,19121.0,India,24.3137,79.1181
24179,Harpur,19099.0,India,26.4527,86.071
24181,Nilambur,19096.0,India,11.059,77.0838
24185,Chautapal,19092.0,India,17.2508,78.8972
24203,Perumkulam,19074.0,India,8.7052,76.7861
24205,Mahisi,19073.0,India,25.8544,86.465
24206,Simri,19072.0,India,25.6405,84.1195
24207,Nalua,19071.0,India,22.1051,88.4619
24215,Chinna Ganjam,19060.0,India,15.7,80.25
24216,Murugampalaiyam,19060.0,India,11.0806,77.3238
24222,Hindoria,19046.0,India,23.9035,79.5686
24226,Puranpur,19042.0,India,28.52,80.15
24227,Dachepalle,19042.0,India,16.6,79.7333
24236,Dharmsala,19034.0,India,32.2153,76.3186
24247,Rahata,19024.0,India,19.7167,74.4833
24251,Sarauli,19021.0,India,28.4931,79.0853
24263,Manjha,19011.0,India,26.4061,84.5002
24273,Durpalli,19000.0,India,18.5967,78.4517
24304,Chinchali,18986.0,India,16.565,74.8175
24308,Narapala,18982.0,India,14.7206,77.8106
24309,Sukhasan,18982.0,India,25.4944,87.5263
24313,Kaveripatnam,18978.0,India,12.4219,78.2188
24319,Siripur,18975.0,India,26.7336,84.7217
24320,Koliakkod,18973.0,India,8.6333,76.9
24321,Sarso,18969.0,India,26.2333,86.1768
24325,Varidhanam,18962.0,India,16.5576,81.8303
24335,Sarsawa,18956.0,India,30.016,77.4
24337,Makronia,18955.0,India,23.8476,78.799
24339,Chilkuru,18952.0,India,16.9611,79.9125
24346,Guru Har Sahai,18943.0,India,30.7086,74.4041
24348,Aikaranad,18940.0,India,10.0002,76.455
24351,Lakhnadon,18934.0,India,22.6005,79.6009
24356,Desavilakku,18924.0,India,11.6476,77.967
24362,Elamattur,18918.0,India,9.4167,76.7
24367,Ismailpur,18909.0,India,25.3113,87.127
24369,Kotekara,18907.0,India,12.7929,74.8722
24370,Ranbirsinghpura,18907.0,India,32.6079,74.7293
24380,Somandepalle,18895.0,India,14.0078,77.6086
24381,Nayagarh,18894.0,India,20.1288,85.0963
24383,Gatada,18893.0,India,18.4144,83.5041
24389,Nanjanad,18889.0,India,11.3669,76.6415
24396,Ezhamkulam,18884.0,India,9.1333,76.7667
24398,Sugaon,18883.0,India,26.7317,84.7629
24401,Jaggampeta,18879.0,India,17.1833,82.05
24416,Kabbur,18868.0,India,16.42,74.58
24418,Varapatti,18867.0,India,10.0167,76.6167
24444,Dukli,18839.0,India,22.3,79.4833
24459,Khetia,18827.0,India,21.6712,74.5853
24472,Sabalpur,18810.0,India,25.6053,85.1835
24474,Purushottampur,18808.0,India,19.5202,84.8851
24481,Udumanthala,18804.0,India,12.2333,75.4667
24506,Sompeta,18778.0,India,18.93,84.6
24518,Maranchi,18767.0,India,25.3544,85.9919
24524,Ayyampettai,18759.0,India,10.8971,79.1915
24525,Birnagar,18758.0,India,25.9785,87.111
24530,Nanthankulam,18751.0,India,8.3331,77.8442
24531,Kurumbapalaiyam,18749.0,India,11.1053,76.9217
24536,Harihans,18740.0,India,26.1457,84.3476
24538,Melmuri,18737.0,India,11.1806,76.0167
24544,Sendamaram,18729.0,India,9.0648,77.4369
24546,Gunri,18726.0,India,25.6509,84.6233
24556,Dhariwal,18706.0,India,31.95,75.32
24560,Vadakkangara,18702.0,India,11.0,76.1583
24576,Perunturuttu,18691.0,India,9.6333,76.5667
24593,Sonhauli,18671.0,India,25.5108,86.4707
24596,Lakhna,18667.0,India,25.4532,85.1431
24597,Almel,18667.0,India,16.92,76.24
24598,Rishivandiyam,18665.0,India,11.817,79.1
24603,Jasidih,18660.0,India,24.5138,86.6458
24610,Soalkuchi,18655.0,India,26.2833,91.95
24611,Molakalumuru,18655.0,India,14.7178,76.7468
24614,Elumalai,18651.0,India,9.865,77.6992
24617,Laualagaon,18646.0,India,25.494,87.0412
24621,Kangazha,18644.0,India,9.55,76.718
24622,Telwa,18643.0,India,25.8796,86.3837
24627,Basatpur,18639.0,India,26.0011,85.0643
24628,Mukkanur,18638.0,India,10.2405,76.4162
24630,Kilmangalam,18633.0,India,10.0933,77.6108
24632,Manikkal,18632.0,India,8.6544,76.909
24635,Chakur,18627.0,India,18.5131,76.8753
24636,Manakayi,18627.0,India,11.8611,75.5625
24656,Ajnala,18602.0,India,31.84,74.76
24663,Kalugumalai,18596.0,India,9.1494,77.7057
24665,Majhua,18590.0,India,26.014,87.3018
24666,Valavanur,18589.0,India,11.9205,79.5785
24671,Jalakandapuram,18581.0,India,11.6986,77.8776
24679,Mohana,18577.0,India,25.9027,77.7715
24691,Erumakkuzhi,18563.0,India,9.2833,76.55
24694,Bhadaur,18561.0,India,30.4764,75.3306
24702,Leteri,18555.0,India,24.0598,77.4086
24708,Kumbhraj,18552.0,India,24.3734,77.0484
24712,Mellacheruvu,18550.0,India,16.8173,79.9331
24719,Kothia,18538.0,India,25.7612,84.8811
24726,Rohar,18526.0,India,25.9917,86.2366
24731,Lodhwe,18520.0,India,24.6404,85.2913
24740,Tadikonda,18505.0,India,16.4167,80.4542
24744,Palaiyampatti,18502.0,India,9.5392,78.0984
24773,Sirvel,18478.0,India,15.317,78.533
24777,Ajaigarh,18476.0,India,24.8988,80.2592
24781,Tirmalgiri,18474.0,India,17.4746,79.4361
24793,Kotancheri,18461.0,India,11.4719,75.969
24798,Kannapuram,18459.0,India,11.9691,75.3208
24803,Od,18454.0,India,22.6219,73.1161
24804,Kariyapatti,18454.0,India,9.6741,78.1007
24825,Dumjor,18433.0,India,22.64,88.22
24830,Mukkudal,18420.0,India,8.7431,77.5225
24836,Devadanappatti,18415.0,India,10.1467,77.6439
24838,Unhel,18414.0,India,23.3379,75.5593
24845,Tilothu,18406.0,India,24.8051,84.0833
24850,Kumarapuram,18398.0,India,8.2922,77.3215
24853,Srikhanda,18394.0,India,23.5981,88.0799
24862,Bhawanipur,18384.0,India,26.4361,84.7356
24874,Qatlupur,18369.0,India,28.7733,77.1593
24877,Agarpur,18367.0,India,25.1957,87.0423
24886,Chhoti Sadri,18360.0,India,24.38,74.7
24896,Ammapettai,18349.0,India,10.7948,79.3199
24899,Nari Bhadaun,18345.0,India,26.0065,86.2509
24901,Sendarappatti,18342.0,India,11.4373,78.5215
24906,Daryabad,18338.0,India,26.8922,81.5556
24922,Karuppur,18321.0,India,11.717,78.0924
24931,Cherial,18310.0,India,17.9264,78.9719
24961,Mannara,18273.0,India,8.5614,77.1263
24967,Kasba Maker,18267.0,India,25.9591,85.0316
24983,Mulanur,18251.0,India,10.7943,77.7115
24985,Asakapalle,18247.0,India,17.7364,83.3
24986,Mathurapur,18247.0,India,25.5112,86.4557
24991,Narayankher,18243.0,India,18.0333,77.7833
24995,Sivandipuram,18241.0,India,8.7811,77.3428
25001,Kanp,18237.0,India,25.8337,86.7402
25010,Kottukal,18227.0,India,8.8833,76.9
25016,Mahiari,18223.0,India,22.59,88.24
25033,Tirunageswaram,18212.0,India,10.9646,79.4293
25034,Sahna,18212.0,India,30.4293,75.3813
25045,Kudatini,18205.0,India,15.15,76.92
25047,Budhni,18204.0,India,22.7825,77.682
25060,Udaipura,18193.0,India,23.0743,78.5111
25072,Mohiuddinnagar,18175.0,India,25.5737,85.6694
25078,Tummalapenta,18164.0,India,14.8997,80.0687
25082,Kottapalle,18161.0,India,17.2918,81.8939
25115,Dumri,18126.0,India,25.5356,85.5996
25116,Jora Khurd,18126.0,India,26.4893,77.9758
25122,Pottanur,18120.0,India,11.1098,77.9888
25127,Raisari,18117.0,India,26.1319,87.0238
25135,Gandarbal,18111.0,India,34.2262,74.7748
25137,Manikpur,18110.0,India,25.91,86.821
25138,Paharpur,18109.0,India,25.5681,85.3763
25163,Tora,18093.0,India,21.3262,83.6708
25175,Kopa,18080.0,India,25.8513,84.6308
25180,Arajpur,18073.0,India,25.5197,87.0808
25191,Tottiyam,18061.0,India,10.988,78.3363
25193,Kotta Kalidindi,18059.0,India,16.5032,81.2877
25197,Sanderao,18057.0,India,25.18,73.1
25200,Badkulla,18051.0,India,23.3036,88.5302
25203,Bhambia Bhai,18050.0,India,30.4812,75.094
25205,Annakunnu,18049.0,India,11.7463,76.0415
25207,Vilavur,18047.0,India,8.2669,77.3052
25210,Timri,18044.0,India,12.2,75.3861
25225,Gidi,18025.0,India,23.6909,85.3641
25230,Koratagere,18024.0,India,13.522,77.2373
25231,Lakshmaneswaram,18023.0,India,16.4082,81.6867
25234,Ulao,18020.0,India,25.4165,86.0936
25245,Patiriyat,18008.0,India,11.8425,75.5094
25248,Sakri,18002.0,India,26.2197,86.0853
25255,Gondar,18000.0,India,29.5667,76.7833
25256,Tankara,18000.0,India,22.656,70.748
25257,Ghogaon,18000.0,India,21.91,75.7
25258,Mahraurh,18000.0,India,25.2378,84.1017
25282,Athar,17999.0,India,26.0392,86.059
25292,Tyagadurgam,17995.0,India,11.7411,79.077
25309,Sukhsena,17978.0,India,25.7952,87.1089
25310,Rampur Tilak,17977.0,India,25.8513,87.093
25311,Rajmahal,17974.0,India,25.05,87.84
25324,Chaita,17962.0,India,25.7671,85.8792
25327,Payyannur,17961.0,India,12.0935,75.2025
25330,Jadcherla,17958.0,India,16.763,78.1443
25339,Erumapalaiyam,17953.0,India,11.6324,78.1695
25342,Barvala,17951.0,India,22.15,71.9
25343,Mukondapalli,17948.0,India,12.7514,77.8017
25347,Yeddumailaram,17941.0,India,17.5011,78.1242
25356,Kuchinda,17933.0,India,21.7436,84.3485
25363,Manthani,17927.0,India,18.65,79.6667
25387,Khokha,17908.0,India,25.9741,87.4062
25400,Silvani,17892.0,India,23.3026,78.4408
25401,Pudunagaram,17892.0,India,10.681,76.6611
25404,Sanghera,17890.0,India,30.3986,75.5614
25405,Veldurti,17890.0,India,15.5667,77.9167
25417,Vilattikulam,17875.0,India,9.1312,78.1687
25428,Marturu,17862.0,India,10.1694,76.4292
25429,Pachmir,17862.0,India,25.4077,86.3803
25430,Marwa,17859.0,India,25.3994,86.9257
25435,Vissannapeta,17852.0,India,16.9398,80.7828
25437,Shirali,17850.0,India,14.0297,74.528
25461,Goshaingaon,17830.0,India,26.4395,89.9631
25481,Pariharpur,17810.0,India,26.7114,85.6797
25490,Dhansaria,17800.0,India,24.7219,87.8572
25494,Bagahi,17798.0,India,26.7632,84.467
25496,Vennandur,17796.0,India,11.515,78.0908
25501,Aminpur,17790.0,India,17.5241,78.3242
25504,Mankara,17787.0,India,10.75,76.4333
25506,Arakkapadi,17779.0,India,10.0599,76.4592
25511,Dhamaun,17775.0,India,25.5999,85.5479
25534,Dergaon,17748.0,India,26.7,93.9667
25537,Kuttalam,17746.0,India,11.0758,79.5608
25552,Kodiyeri,17732.0,India,11.7067,75.5331
25554,Laukaha,17730.0,India,26.55,86.47
25557,Susner,17727.0,India,23.9467,76.0882
25577,Kharhial,17699.0,India,20.2885,82.7606
25579,Mallapalli,17693.0,India,9.4461,76.6567
25583,Vettavalam,17690.0,India,12.1077,79.2452
25585,Kalyanpur Bamaiya,17689.0,India,25.714,85.9212
25594,Maripad,17685.0,India,17.372,79.8807
25617,Vandalur,17655.0,India,12.8924,80.0808
25627,Kappiyara,17645.0,India,8.2466,77.2617
25631,Valluvandad,17641.0,India,11.0996,76.1972
25632,Vettikattiri,17641.0,India,11.1167,76.1833
25639,Pupri,17632.0,India,26.4708,85.7031
25640,Manullahpatti,17632.0,India,26.0619,87.1751
25658,Vittal,17618.0,India,12.766,75.122
25662,Belakoba,17615.0,India,26.59,88.589
25666,Omallur,17611.0,India,9.2468,76.751
25702,Manganj,17585.0,India,26.1388,86.9944
25705,Inkollu,17581.0,India,15.83,80.2
25709,Chakkuvarakal,17580.0,India,8.9833,76.85
25716,Peruvanthanam,17576.0,India,9.55,76.9167
25717,Rayappanpatti,17575.0,India,9.7997,77.2372
25718,Krishnapuram,17574.0,India,10.3667,76.15
25732,Kambla,17562.0,India,12.9607,74.9332
25736,Bistaria,17559.0,India,26.1262,87.23
25739,Khutaha,17558.0,India,25.2645,86.0598
25742,Palaiyam,17556.0,India,10.7256,78.1354
25748,Punnayur,17547.0,India,10.65,76.0
25750,Aliyabad,17544.0,India,12.6317,79.2164
25757,Koriapatti,17538.0,India,26.1149,86.9905
25760,Etacheri,17537.0,India,10.6028,76.6444
25765,Vayalpad,17535.0,India,13.65,78.6333
25775,Turuvekere,17530.0,India,13.1637,76.6664
25776,Shirva,17530.0,India,13.2465,74.8444
25778,Attimarappatti,17527.0,India,8.7297,78.1169
25799,Elankur,17507.0,India,11.1333,76.1667
25805,Eksambe,17500.0,India,16.42,74.58
25807,Buguda,17499.0,India,19.8081,84.7908
25810,Kudavasal,17497.0,India,10.8582,79.4823
25819,Bhucho Mandi,17484.0,India,30.2129,75.0969
25829,Dharampuri,17472.0,India,22.1495,75.3444
25835,Anantavur,17470.0,India,10.8925,75.9983
25849,Gautampura,17457.0,India,22.9866,75.5192
25850,Karkamb,17456.0,India,17.863,75.2981
25863,Abdullahnagar,17446.0,India,25.7683,87.5557
25867,Nedugula,17442.0,India,11.4764,76.8904
25868,Lakhnaur,17442.0,India,26.202,86.309
25874,Nisang,17438.0,India,29.69,76.75
25877,Reota,17437.0,India,25.8194,86.3061
25885,Seoni Chhapara,17429.0,India,22.3939,79.5424
25892,Nahazari,17422.0,India,22.4347,88.2487
25904,Karahia,17409.0,India,26.4054,86.149
25908,Ummannur,17406.0,India,8.95,76.7833
25909,Namminikara,17406.0,India,10.4392,76.268
25910,Jhagarua,17406.0,India,26.0059,86.3496
25912,Fraserpet,17405.0,India,12.4587,75.9605
25916,Odaipatti,17401.0,India,9.8323,77.4433
25919,Martahalli,17400.0,India,11.9919,77.4972
25924,Bhagabanpur,17397.0,India,24.7765,88.0217
25925,Curti,17396.0,India,15.4167,74.0167
25933,Banni,17387.0,India,25.4692,86.6068
25939,Kurugodu,17379.0,India,15.346,76.836
25945,Gunjapalle,17376.0,India,14.3845,77.9495
25957,Sanwer,17365.0,India,22.9742,75.8271
25958,Barhan,17365.0,India,27.3299,78.1896
25969,Kembhavi,17346.0,India,16.65,76.5333
25970,Ibrahimpatan,17345.0,India,17.1017,78.6294
25973,Kamudi,17340.0,India,9.409,78.3679
25977,Gothini,17338.0,India,26.1626,84.0379
25979,Pannaipuram,17336.0,India,9.7908,77.1578
25980,Yerrapalem,17336.0,India,16.15,80.03
25981,Ellamanda,17336.0,India,16.15,80.03
25991,Mau Dhaneshpur,17328.0,India,25.5899,85.8337
25993,Mudukulattur,17326.0,India,9.344,78.5138
26007,Chadchan,17313.0,India,17.3126,75.6581
26016,Charipara,17306.0,India,20.45,84.4
26024,Saram,17298.0,India,23.7625,85.83
26026,Chorhat,17297.0,India,24.4274,81.6695
26031,Keota,17293.0,India,25.644,85.8287
26032,Jawkatia,17292.0,India,26.7308,84.6263
26038,Talwandi Bhai,17285.0,India,30.8622,74.9285
26046,Kukraun,17276.0,India,25.6858,87.1638
26052,Mulki,17274.0,India,13.1,74.8
26056,Kulasegaram,17267.0,India,8.3667,77.3
26062,Dehti,17261.0,India,26.2115,87.5513
26074,Khanpur,17247.0,India,28.53,78.05
26077,Dharmapuri,17243.0,India,18.9475,79.094
26082,Baturbari,17241.0,India,26.2281,87.4714
26083,Mettuppalaiyam,17240.0,India,11.4325,77.6658
26084,Nadikude,17238.0,India,16.5927,79.7174
26085,Nadugadda,17238.0,India,16.6241,79.4448
26095,Pavumba,17230.0,India,9.0597,76.8889
26121,Raiyam,17204.0,India,26.2702,86.2071
26131,Badantola,17190.0,India,25.2517,87.842
26137,Cherakara,17184.0,India,8.8456,76.7164
26140,Padugupadu,17175.0,India,14.4885,79.9923
26166,Kayaralam,17159.0,India,12.0,75.4167
26182,Settiyarpatti,17150.0,India,9.3935,77.4935
26184,Majitha,17149.0,India,31.7571,74.9589
26189,Ayinikkad,17143.0,India,11.4974,75.72
26198,Panchgram,17137.0,India,24.1996,88.0077
26207,Giria,17131.0,India,24.5167,88.0767
26232,Kutiyana,17108.0,India,21.63,69.98
26243,Pottassheri,17100.0,India,10.995,76.5053
26250,Kolaccheri,17095.0,India,11.9737,75.4083
26255,Tadigadapa,17090.0,India,16.4713,80.697
26257,Chandia,17088.0,India,23.6565,80.7091
26258,Toluprpatti,17087.0,India,11.0244,78.3134
26261,Usmanpur,17085.0,India,24.7367,87.8676
26263,Peragamanna,17079.0,India,11.2139,76.127
26264,Sarotar,17079.0,India,26.4291,84.7813
26267,Gudipallipadu,17076.0,India,14.4588,80.0482
26274,Mannukara,17067.0,India,9.3,76.5333
26275,Āyikudi,17067.0,India,9.0032,77.3449
26276,Challapalle,17067.0,India,16.1167,80.9333
26279,Mavalli,17062.0,India,14.1,74.4833
26285,Ramnagar,17053.0,India,22.3245,88.494
26302,Pernamitta,17041.0,India,15.5333,80.0
26326,Nayakanhatti,17016.0,India,14.4644,76.5451
26331,Sitamau,17013.0,India,24.0147,75.3532
26333,Avitanallur,17007.0,India,11.5002,75.8059
26338,Jayal,17000.0,India,27.2167,74.1833
26339,Matauna,17000.0,India,26.6699,85.487
26376,Alauli,16998.0,India,25.644,86.4065
26378,Naula,16995.0,India,25.5535,86.0636
26380,Kakraul,16991.0,India,26.362,86.0139
26384,Ambalavayal,16988.0,India,11.619,76.2102
26389,Shankar Saraiya,16983.0,India,26.5967,84.8526
26393,Sikandra,16981.0,India,24.9564,86.0344
26403,Srikurmam,16973.0,India,18.2718,84.0064
26409,Koroth,16969.0,India,11.5833,75.7667
26411,Ramachandrapuran,16965.0,India,17.4944,78.2942
26413,Ughara,16964.0,India,26.0563,86.0013
26417,Meltonakkal,16959.0,India,8.6341,76.8521
26418,Bishunpura,16958.0,India,26.5436,84.4364
26424,Dirba,16952.0,India,30.07,75.98
26426,Kombai,16951.0,India,9.8475,77.296
26433,Perupalem,16948.0,India,16.3705,81.5813
26448,Chavara Gramam,16937.0,India,8.9633,76.5619
26459,Tekanpur,16926.0,India,25.994,78.2832
26464,Baikatpur,16919.0,India,25.4939,85.3792
26465,Malancha,16918.0,India,24.666,87.922
26480,Naranattenvanpatti,16901.0,India,9.7233,77.3099
26481,Nidgundi,16901.0,India,16.3583,75.931
26484,Pallikapuzha,16900.0,India,8.8412,76.8007
26485,Ramayampet,16899.0,India,18.1166,78.4298
26490,Dhulkot,16896.0,India,21.6095,75.5522
26495,Khed,16892.0,India,17.7178,73.3939
26502,Ettaiyapuram,16888.0,India,9.1474,77.9928
26503,Majra,16888.0,India,28.667,76.456
26517,Agaram,16874.0,India,10.4433,77.9485
26525,Hosakote,16868.0,India,14.2817,77.1742
26540,Sayarpuram,16857.0,India,8.6822,78.0265
26542,Rampur Jalalpur,16856.0,India,25.6712,85.8606
26546,Pulimel,16854.0,India,9.3,76.5833
26547,Madanpur,16851.0,India,26.2103,87.5141
26555,Meiti,16847.0,India,24.2477,94.3031
26558,Shahkot,16844.0,India,31.08,75.34
26563,Acharipallam,16836.0,India,8.17,77.3698
26570,Vechur,16830.0,India,9.6667,76.4167
26574,Achaljamu,16826.0,India,24.0243,85.8306
26580,Bhainsoda,16818.0,India,24.4427,75.8403
26585,Kadikkad,16815.0,India,10.6667,75.9667
26588,Vazhani,16808.0,India,10.5917,76.5333
26592,Kodikulam,16803.0,India,9.9932,79.2007
26593,Pinarayi,16801.0,India,11.8218,75.4973
26604,Puliyankunnu,16795.0,India,9.412,76.41
26611,Kamavarapukota,16790.0,India,17.0031,81.1219
26621,Tsundupalle,16779.0,India,13.9809,78.9152
26637,Dhobauli,16764.0,India,25.4008,86.1885
26638,Bauria,16764.0,India,22.4521,88.1853
26640,Attappampatti,16761.0,India,11.482,78.0248
26647,Nandigaon,16752.0,India,17.119,78.2564
26654,Kadod,16747.0,India,21.218,73.22
26657,Thandla,16744.0,India,23.0096,74.5775
26664,Arakkal,16739.0,India,8.948,76.8631
26669,Livinjipuram,16736.0,India,8.1535,77.5719
26675,Tengampudur,16731.0,India,8.1158,77.4579
26679,Takhatgarh,16729.0,India,25.33,73.0
26680,Sendurai,16728.0,India,10.3934,78.2517
26690,Chalala,16721.0,India,21.42,71.17
26693,Iluppur,16719.0,India,10.5137,78.6216
26699,Kodumudi,16716.0,India,11.0769,77.8876
26713,Kattiyeri,16698.0,India,11.8764,75.8542
26714,Balighattam,16695.0,India,17.651,82.6059
26720,Gonegandla,16691.0,India,15.7167,77.6
26723,Pazhayannur,16688.0,India,10.6661,76.4252
26726,Piriyapatna,16685.0,India,12.3365,76.0792
26731,Erumad,16678.0,India,11.5681,76.2608
26735,Havi Bhauar,16676.0,India,26.1091,86.1059
26737,Deoria,16671.0,India,26.1791,85.0234
26742,Kundal,16668.0,India,25.762,86.2081
26755,Podalakur,16662.0,India,14.3667,79.7333
26764,Kakkalapalle,16654.0,India,14.6415,77.5668
26767,Arani,16650.0,India,13.3346,80.0848
26771,Tawargeri,16647.0,India,15.7668,76.4037
26776,Khirhar,16642.0,India,26.5168,85.9618
26784,Ittiva,16635.0,India,8.85,76.8833
26792,Mullanwala,16628.0,India,31.0619,74.8228
26817,Bargur,16608.0,India,12.5429,78.3574
26820,Khaniadhana,16605.0,India,25.0298,78.1271
26844,Bijni,16589.0,India,26.4959,90.703
26857,Mohan Eghu,16572.0,India,25.4002,86.145
26862,Barkot,16568.0,India,30.82,78.2
26866,Paragaticherla,16563.0,India,16.2496,79.9679
26868,Lakhipur,16562.0,India,26.2897,90.2281
26869,Bhai Rupa,16561.0,India,30.4311,75.2206
26875,Domchanch,16552.0,India,24.4748,85.6921
26894,Parali,16533.0,India,10.8028,76.5585
26895,Mangrauni,16533.0,India,26.3479,86.0719
26903,Rentachintala,16523.0,India,16.5525,79.5533
26933,Pilappulli,16500.0,India,10.7344,76.7294
26937,Mudakkiraye,16499.0,India,9.95,76.55
26938,Amba Icharua,16498.0,India,25.614,86.4258
26961,Rasivarai Tottam,16486.0,India,9.9639,77.1
26966,Ervadi,16482.0,India,9.2082,78.7101
26970,Rajbalhai,16479.0,India,22.7758,88.0054
26978,Dighaun,16467.0,India,25.5549,86.8097
26979,Ujre,16465.0,India,12.9961,75.3248
26982,Palayat,16462.0,India,11.7917,75.4681
26983,Dahibhat Madhopur,16461.0,India,26.2763,86.0847
26986,Chopadandi,16459.0,India,18.5833,79.1667
26987,Mohanur,16457.0,India,11.0594,78.1397
26995,Sakardih,16447.0,India,25.228,85.3546
27009,Gurh,16434.0,India,24.5026,81.5004
27011,Rajnagar,16432.0,India,24.8893,79.9118
27033,Nilaiyur,16418.0,India,9.8572,78.0598
27043,Baro,16407.0,India,25.4487,85.9924
27046,Pudu,16406.0,India,12.8667,74.9673
27049,Raikal,16404.0,India,18.9,78.8
27059,Hatti,16394.0,India,16.1984,76.6604
27060,Mahesh Khunt,16394.0,India,25.45,86.6333
27063,Kesath,16390.0,India,25.4208,84.2414
27065,Gokavaram,16389.0,India,17.2667,81.85
27069,Khargapur,16385.0,India,24.823,79.144
27072,Khirpai,16384.0,India,22.7,87.62
27093,Phirangipuram,16365.0,India,16.2889,80.2628
27102,Usgao,16354.0,India,15.4333,74.0667
27103,Nunna,16354.0,India,16.576,80.685
27104,Mahalandi,16354.0,India,24.0738,88.1214
27105,Chettinayakkanpatti,16354.0,India,10.394,77.9754
27112,Barnia,16350.0,India,23.7311,88.3917
27119,Galivedu,16344.0,India,14.0333,78.5
27120,Kakching,16344.0,India,24.6085,94.0029
27125,Kargil,16338.0,India,34.5594,76.1256
27126,Vadugappatti,16337.0,India,10.1036,77.5731
27161,Khunti Dhanaili,16304.0,India,25.9376,87.379
27168,Noniya,16298.0,India,26.6763,84.6163
27172,Kodala,16295.0,India,19.6243,84.9408
27175,Arachchalur,16292.0,India,11.1627,77.7007
27176,Sohtha,16291.0,India,25.6449,87.3068
27177,Malhipur,16291.0,India,25.4069,86.0234
27182,Barharwa Kalan,16288.0,India,26.5434,84.8286
27184,Birsinghpur,16286.0,India,24.7981,80.9739
27193,Omalur,16279.0,India,11.745,78.047
27203,Madukkur,16273.0,India,10.48,79.4
27218,Jagdispur,16259.0,India,22.65,88.29
27238,Jalalpur,16246.0,India,20.9491,72.9136
27244,Manamelkudi,16243.0,India,10.0419,79.23
27248,Balasamudram,16242.0,India,10.419,77.4992
27249,Cheran,16241.0,India,25.361,85.5421
27255,Mukhtarpur Salkani,16237.0,India,25.6643,85.7784
27259,Tadikalapudi,16235.0,India,16.5356,81.1033
27282,Vitthalapuram,16214.0,India,8.6833,77.8292
27292,Singhwara,16204.0,India,26.1842,85.7368
27297,Porumamilla,16201.0,India,15.0167,78.9833
27303,Gokarna,16198.0,India,24.0541,88.1176
27306,Khutauna,16197.0,India,26.4969,86.3959
27308,Saraikela,16196.0,India,22.6996,85.9313
27311,Bandora,16192.0,India,15.4082,73.9813
27317,Kanhauli Manohar,16187.0,India,25.9755,84.6853
27321,Attur,16184.0,India,8.3224,77.2558
27323,Itahri,16183.0,India,25.313,86.5459
27324,Aruvapalam,16183.0,India,9.1833,76.85
27328,Chotala,16178.0,India,29.7808,74.5226
27332,Ganeshpur,16175.0,India,25.7678,87.3587
27349,Baharu,16155.0,India,22.204,88.4283
27356,Āgiripalle,16150.0,India,16.6833,80.65
27363,Kittur,16144.0,India,15.5993,74.7879
27378,Jaypul,16134.0,India,22.7833,88.5695
27388,Jakkampalaiyam,16127.0,India,10.5264,77.2884
27390,Chennur,16126.0,India,14.5667,78.8
27394,Rustampur,16123.0,India,25.57,85.3061
27397,Math Lohiyar,16119.0,India,26.6247,84.7072
27398,Kamayakkavundanpatti,16118.0,India,9.7386,77.32
27402,Sultanabad,16116.0,India,18.5247,79.2722
27413,Cherukunnu,16111.0,India,12.0041,75.3004
27418,Khusropur,16109.0,India,25.4817,85.3849
27423,Pilkha,16106.0,India,23.1645,83.1821
27424,Bakarpur Ogairah,16106.0,India,25.3294,87.5138
27429,Kajur,16104.0,India,24.8768,85.292
27431,Surappalli,16102.0,India,11.7187,77.8778
27438,Birhana,16098.0,India,25.4489,85.7054
27443,Anantapalle,16092.0,India,16.9767,81.4442
27447,Aurahi,16088.0,India,26.1895,87.3372
27450,Ottur,16085.0,India,8.7167,76.7667
27452,Fatipura,16084.0,India,22.8383,74.2313
27453,Ottakkadai,16084.0,India,9.958,78.1886
27460,Kolluru,16079.0,India,16.1847,80.7961
27461,Ramewadi,16079.0,India,16.0333,74.35
27471,Kalanjur,16075.0,India,9.1167,76.85
27474,Bhiloda,16074.0,India,23.46,73.15
27479,Makhu,16071.0,India,31.1033,74.9963
27483,Vontimitta,16067.0,India,14.3833,79.0333
27486,Badshahpur,16064.0,India,28.393,77.048
27494,Ayyampalaiyam,16055.0,India,10.2253,77.7485
27499,Sivapuram,16047.0,India,11.9075,75.6048
27502,Mayilur,16044.0,India,9.942,76.6395
27511,Penugonda,16038.0,India,16.6547,81.7445
27515,Kayanna,16028.0,India,11.4917,75.8417
27529,Rahon,16016.0,India,31.0527,76.1191
27530,Marahom,16015.0,India,33.8303,75.0832
27544,Rani Shakarpura,16007.0,India,25.5534,86.2992
27546,Sapatgram,16006.0,India,26.3373,90.1236
27547,Utnur,16005.0,India,19.3667,78.7667
27548,Kumaranallur,16004.0,India,9.6167,76.5833
27551,Sughrain,16001.0,India,25.746,86.325
27557,Asara,16000.0,India,29.2494,77.2915
27558,Dandu Mailaram,16000.0,India,17.2333,78.7667
27592,Watrap,15999.0,India,9.6353,77.6389
27599,Neriyamangalam,15994.0,India,10.0531,76.7399
27610,Nanattuparai,15988.0,India,9.379,76.8779
27617,Raiganj Bazar,15985.0,India,26.78,82.143
27622,Jawalgeri,15980.0,India,15.8656,76.8156
27623,Kizhur,15979.0,India,11.9667,75.6667
27624,Kudali,15979.0,India,9.15,76.85
27632,Chittayankottai,15970.0,India,10.2686,77.8327
27633,Neykkarappatti,15970.0,India,10.4489,77.4627
27639,Valavakattumula,15966.0,India,9.98,76.52
27640,Mohanpur,15966.0,India,25.562,85.5917
27641,Amarwara,15966.0,India,22.2978,79.1694
27644,Bahutal,15963.0,India,24.5714,87.8971
27650,Patapatnam,15954.0,India,18.75,84.0833
27654,Tagazhi,15951.0,India,9.3707,76.4115
27672,Brahmadesam,15937.0,India,11.5449,77.5803
27675,Manatanna,15935.0,India,11.9125,75.7569
27692,Karambakkudi,15913.0,India,10.4587,79.141
27700,Sayalkudi,15908.0,India,9.1692,78.447
27701,Suchindram,15908.0,India,8.1544,77.467
27713,Heggadadevankote,15899.0,India,12.0881,76.3296
27724,Vijayapuri North,15887.0,India,16.6028,79.3075
27728,Vellikulangara,15883.0,India,10.3667,76.4167
27729,Dighirpar,15881.0,India,22.3034,88.6678
27739,Kishundaspur,15874.0,India,25.3334,87.3318
27741,Udayagiri,15870.0,India,14.8667,79.3167
27757,Nidiyanga,15859.0,India,12.0889,75.4806
27764,Valabhipur,15852.0,India,21.8878,71.8795
27770,Pawai,15845.0,India,24.2664,80.162
27773,Gandevi,15843.0,India,20.82,72.98
27776,Chhapra Bahas,15842.0,India,26.7266,84.7912
27778,Odaiyakulam,15838.0,India,10.5679,76.9105
27790,Dhusar Tikapatti,15829.0,India,25.5214,87.2212
27791,Srimushnam,15829.0,India,11.4012,79.4038
27793,Kodikkulam,15824.0,India,9.6493,77.586
27794,Kadamakudi,15823.0,India,10.0652,76.2451
27803,Tanakpur,15810.0,India,29.074,80.109
27814,Cholai,15800.0,India,12.04,75.46
27821,Puluvappatti,15792.0,India,10.963,76.8158
27822,Dhani Sukhan,15792.0,India,28.7932,76.0502
27827,Belaur,15789.0,India,25.4477,84.6473
27828,Kunithala,15789.0,India,11.905,75.7845
27829,Dhumnagar,15788.0,India,26.756,84.5233
27831,Vardannapet,15787.0,India,17.7735,79.5731
27838,Kandla Port,15782.0,India,23.03,70.22
27839,Chethakal,15781.0,India,9.4386,76.8322
27840,Mahudha,15780.0,India,22.82,72.93
27858,Kannampalaiyam,15760.0,India,10.9954,77.099
27862,Mansingha,15759.0,India,26.7807,84.8367
27864,Akambadam,15758.0,India,11.1,76.3167
27868,Kalanadu,15755.0,India,12.4667,75.0
27869,Rupbas,15755.0,India,26.9833,77.5833
27871,Kasimkota,15753.0,India,17.6736,82.9634
27878,Sonapur,15746.0,India,25.3561,86.2082
27893,Trisshileri,15731.0,India,11.8333,76.0333
27899,Puduppatti,15727.0,India,11.55,78.2833
27906,Dubacherla,15725.0,India,16.9116,81.3569
27913,Tarur,15720.0,India,10.6722,76.4694
27919,Eravattur,15716.0,India,11.5833,75.7333
27921,Bharanikavu Tekku,15715.0,India,9.1847,76.5446
27924,Sahar,15711.0,India,26.5408,85.859
27931,Pochampalli,15704.0,India,17.3473,78.8195
27936,Beko,15700.0,India,24.0415,85.9536
27949,Turkaguda,15689.0,India,17.153,78.6195
27950,Damdama,15688.0,India,24.4341,87.7849
27988,Bhit Bhagwanpur,15660.0,India,26.116,86.355
27989,Kajha,15659.0,India,25.7747,87.3545
27990,Dhemaji,15659.0,India,27.4833,94.5833
27992,Murud,15658.0,India,18.33,72.96
28005,Balkonda,15644.0,India,18.8726,78.3432
28024,Rajapur,15632.0,India,26.2861,83.1306
28041,Cheramkod,15620.0,India,11.6,76.3167
28042,Solapuram,15620.0,India,9.3757,77.5598
28051,Jurawanpur Karari,15612.0,India,25.5273,85.4182
28054,Dewangarh,15610.0,India,24.8637,85.8584
28057,Narendrapatnam,15607.0,India,17.0964,81.8812
28058,Kolakaluru,15607.0,India,16.3052,80.6182
28060,Antarvedi,15605.0,India,16.3333,81.7333
28062,Chembagaramanpudur,15602.0,India,8.2461,77.4907
28064,Bilpura,15601.0,India,23.2216,79.9917
28074,Sundarpur,15591.0,India,26.3037,84.8581
28078,Chengala,15588.0,India,12.5087,75.0558
28079,Bhagta,15587.0,India,30.4882,75.1013
28080,Bhagwangola,15587.0,India,24.3485,88.3243
28087,Baynala,15582.0,India,22.4835,88.4997
28097,Kadaiyam,15576.0,India,8.832,77.357
28098,Belo,15576.0,India,25.8747,86.8855
28100,Kompalle,15575.0,India,17.4993,78.4583
28104,Ernagudem,15572.0,India,16.9989,81.5061
28126,Edakkazhiyur,15553.0,India,10.6167,75.9833
28127,Jasol,15552.0,India,25.49,72.13
28132,Chittur,15550.0,India,11.55,77.7167
28133,Saligrama,15549.0,India,12.5602,76.2611
28137,Ponnamaravati,15544.0,India,10.2803,78.536
28141,Palhalan,15540.0,India,34.1823,74.5506
28147,Kukkundur,15536.0,India,13.2404,74.9541
28148,Sanatikri,15536.0,India,22.023,88.5033
28150,Kumaralingam,15535.0,India,10.4894,77.3499
28183,Palanisettipatti,15510.0,India,9.9998,77.4641
28185,Sirali,15507.0,India,22.1519,77.0617
28188,Meghauna,15506.0,India,25.6904,86.3809
28199,Pipra Latif,15498.0,India,25.3579,86.7174
28204,Patilar,15491.0,India,27.0361,84.2106
28210,Kurawar,15487.0,India,23.5118,77.0246
28215,Asthanwan,15486.0,India,25.2215,85.6262
28219,Vemuladivi,15484.0,India,16.3408,81.6958
28220,Mauranwan,15484.0,India,26.43,80.88
28230,Pichhor,15477.0,India,25.9602,78.3893
28243,Sarai Jattan,15466.0,India,31.1797,75.6745
28250,Udala,15459.0,India,21.5781,86.5668
28254,Turhapatti,15455.0,India,26.8511,84.4522
28257,Phulaut,15454.0,India,25.5114,86.9375
28258,Bilgi,15454.0,India,16.3472,75.6181
28264,Mitrapur,15452.0,India,24.4371,87.9666
28267,Chilamatturu,15449.0,India,13.8394,77.7039
28268,Bimgal,15446.0,India,18.7,78.4667
28272,Kambaduru,15441.0,India,14.3464,77.2297
28276,Arumbavur,15437.0,India,11.381,78.7296
28284,Dilarpur,15429.0,India,25.3968,87.5969
28285,Nedumudi,15428.0,India,9.4429,76.404
28293,Odanavattam,15419.0,India,8.9355,76.7713
28294,Vipparla,15418.0,India,16.3023,79.9373
28299,Bugganipalle,15416.0,India,15.4741,78.175
28316,Chokkanathapuram,15403.0,India,9.9921,77.3566
28322,Siladon,15400.0,India,23.1527,85.3657
28323,Sodag,15400.0,India,23.1436,85.3874
28324,Lal Khatanga,15400.0,India,23.2627,85.3376
28325,Khijri,15400.0,India,22.8001,84.9474
28351,Samsikapuram,15379.0,India,9.4156,77.5917
28352,Raspur Patasia,15374.0,India,25.544,85.7247
28354,Gopalnagar,15371.0,India,24.691,87.9299
28367,Kot Bhai,15360.0,India,30.2678,74.699
28370,Talainayar Agraharam,15358.0,India,10.5614,79.7723
28384,Kumaramputtur,15346.0,India,10.9667,76.4333
28394,Semra,15338.0,India,26.6523,85.0872
28397,Chhajli,15335.0,India,30.0348,75.828
28399,Israin Kalan,15334.0,India,25.9844,87.0372
28402,Basarh,15330.0,India,25.9808,85.1285
28405,Maddikera,15328.0,India,15.2496,77.4159
28406,Amanganj,15323.0,India,24.4266,80.0358
28407,Undi,15322.0,India,16.6,81.4667
28416,Pihra,15315.0,India,24.6424,85.8043
28419,Bankheri,15314.0,India,22.7696,78.5341
28427,Bhanumukkala,15309.0,India,15.3119,78.2277
28432,Dudhgaon,15303.0,India,18.2787,76.0536
28435,Elandakuttai,15300.0,India,11.3992,77.7782
28441,Belari,15293.0,India,25.9655,86.9161
28451,Tekkampatti,15284.0,India,11.2559,76.8872
28452,Matar,15284.0,India,22.75,72.68
28458,Shedbal,15278.0,India,16.6892,74.7543
28460,Kalikapur,15277.0,India,26.4956,86.089
28466,Peddaboddepalle,15273.0,India,17.6606,82.6296
28467,Sahpur,15273.0,India,25.7035,85.1483
28472,Udayendram,15268.0,India,12.6962,78.6227
28480,Mangawan,15259.0,India,24.6675,81.5464
28481,Ratan,15259.0,India,25.4349,86.6432
28506,Marui,15242.0,India,24.8639,85.6338
28513,Pimpalgaon Raja,15234.0,India,20.7167,76.4333
28514,Mulakaledu,15234.0,India,14.3648,76.9267
28523,Billapadu,15223.0,India,16.6364,80.9661
28539,Musapur,15210.0,India,25.6417,87.4154
28546,Aravakkurichchi,15205.0,India,10.776,77.9076
28555,Pyapali,15200.0,India,15.2669,77.7611
28574,Jangid,15190.0,India,18.4475,79.8414
28576,Tondangi,15189.0,India,17.25,82.4667
28577,Hebli,15187.0,India,15.4858,75.1283
28593,Petlawad,15175.0,India,23.0108,74.7961
28599,Seven Pagodas,15172.0,India,12.6197,80.1944
28600,Salua,15171.0,India,22.61,88.27
28604,Cumbum,15169.0,India,15.5667,79.1167
28607,Puliyur,15168.0,India,10.9499,78.1453
28608,Hathiaundha,15168.0,India,25.7223,86.9972
28614,Lakhaura,15164.0,India,26.7522,84.9647
28618,Gurramkonda,15158.0,India,13.7822,78.59
28624,Chittarikal,15152.0,India,12.3234,75.3583
28632,Mallapuram,15145.0,India,11.9823,78.248
28634,Telua,15143.0,India,26.6396,84.5108
28643,Gangapur,15129.0,India,25.5136,86.8957
28651,Warni,15123.0,India,18.5436,77.9072
28652,Srivardhan,15123.0,India,18.0333,73.0167
28667,Koduman,15114.0,India,9.1917,76.8
28674,Bhoj,15110.0,India,16.5333,74.45
28675,Itki Thakurgaon,15108.0,India,23.3456,85.1114
28676,Khaira,15108.0,India,26.3433,87.1476
28677,Chautham,15107.0,India,25.5439,86.6567
28680,Bilaua,15102.0,India,26.0501,78.2752
28696,Babhani Bholwa,15092.0,India,26.0876,86.7456
28699,Bhatranha,15090.0,India,25.9846,86.6348
28701,Changamkari,15089.0,India,9.6333,76.8667
28702,Putaparti,15088.0,India,14.166,77.811
28708,Tabhka Khas,15084.0,India,25.6518,85.9426
28711,Jadia,15083.0,India,26.0937,86.9852
28715,Bina,15079.0,India,26.0792,86.6326
28722,Kohir,15075.0,India,17.6,77.7167
28726,Hasanganj,15071.0,India,26.78,80.67
28734,Peddapalle,15065.0,India,14.4046,78.9456
28735,Devendranagar,15065.0,India,24.6169,80.3789
28757,Rajni,15050.0,India,25.8132,86.9772
28758,Ekma,15048.0,India,25.967,84.5383
28768,Revur,15041.0,India,16.8216,79.9926
28772,Ochanthururtha,15039.0,India,10.0,76.2333
28777,Satyamangala,15032.0,India,13.0193,76.1243
28781,Udiyavara,15029.0,India,13.3097,74.7366
28787,Keralassheri,15022.0,India,10.825,76.5
28788,Kutavettur,15021.0,India,8.9167,76.75
28796,Aruvikkara,15017.0,India,8.3331,77.2788
28798,Kaintragarh,15016.0,India,20.7211,84.5351
28799,Konarka,15015.0,India,19.8908,86.1003
28800,Shamsa,15015.0,India,25.623,85.931
28818,Barajor,15003.0,India,24.7992,86.3731
28819,Pavannur,15003.0,India,11.95,75.5
28833,Tillor Khurd,15000.0,India,22.617,75.948
28834,Chettikulam,15000.0,India,8.0943,77.5614
28835,Muttamtura,15000.0,India,8.13,77.32
28836,Mundia,15000.0,India,27.4014,75.6892
28837,Damalcheruvu,15000.0,India,13.4833,79.05
28838,Cortalim,15000.0,India,15.3978,73.9106
28839,Majhgawan,15000.0,India,24.8,80.8
28840,Hombal,15000.0,India,15.5164,75.5556
28841,Bellatti,15000.0,India,12.65,78.0
28842,Singhanwala,15000.0,India,30.7699,75.1218
28843,Hullahalli,15000.0,India,12.1,76.55
28844,Sathamba,15000.0,India,23.1691,73.3266
28845,Valattur,15000.0,India,12.8899,78.8394
28846,Turori,15000.0,India,17.8278,76.6903
28847,Shafinagar,15000.0,India,28.4117,78.1365
28848,Khandhar,15000.0,India,26.0233,76.6097
28849,Galatge,15000.0,India,16.42,74.58
28850,Vasa,15000.0,India,22.6608,72.7552
28922,Kaguchi,14988.0,India,11.4519,76.8061
28928,Yelur,14984.0,India,15.7817,74.5178
28930,Mandleshwar,14983.0,India,22.176,75.6599
28932,Āndipalaiyam,14982.0,India,11.092,77.315
28934,Kurichchi,14980.0,India,11.5701,77.6969
28958,Goluwali,14960.0,India,29.63,74.06
28974,Vallur,14947.0,India,13.256,80.2818
28988,Majholi,14939.0,India,23.5011,79.924
28992,Ganjam,14938.0,India,19.387,85.0508
28996,Chandi,14933.0,India,25.7296,87.5195
29001,Chemmanam,14928.0,India,9.8072,76.2774
29007,Yellareddi,14923.0,India,18.1859,78.0212
29008,Lanji,14923.0,India,21.5018,80.5406
29010,Sembedu,14922.0,India,13.1298,79.5634
29011,Lakkundi,14922.0,India,15.3897,75.7183
29014,Pursa,14919.0,India,26.3019,86.4778
29016,Kunnumel,14918.0,India,9.35,76.4
29024,Badarpur,14912.0,India,24.8685,92.5961
29025,Kela Khera,14911.0,India,29.09,79.19
29026,Ammur,14910.0,India,12.975,79.3628
29029,Sindhnur,14906.0,India,15.77,76.7556
29035,Aiyampuzha,14902.0,India,10.25,76.4667
29048,Valangiman,14890.0,India,10.8897,79.394
29054,Jhandapur,14886.0,India,25.3995,86.9479
29061,Parapatti,14884.0,India,12.1083,78.0198
29065,Champapur,14881.0,India,26.8881,84.834
29073,Ālampur,14877.0,India,15.8793,78.1334
29074,Hanamsagar,14874.0,India,15.8722,76.0431
29090,Vellalapuram,14863.0,India,11.6525,77.938
29091,Barharwa,14863.0,India,24.8571,87.779
29098,Chailaha,14857.0,India,26.6738,84.8801
29103,Nagarur,14854.0,India,8.7333,76.85
29111,Chipurupalle,14847.0,India,18.3,83.5667
29114,Madhuban,14843.0,India,26.4386,85.1357
29120,Avalpundurai,14840.0,India,11.231,77.7182
29135,Hariharpara,14827.0,India,24.0468,88.4244
29140,Kumaramangalam,14824.0,India,11.3676,77.93
29142,Tendukheda,14822.0,India,23.3962,79.5395
29150,Cherrapunji,14816.0,India,25.284,91.721
29152,Kumaripur,14815.0,India,25.4425,87.6217
29153,Nenmini,14815.0,India,11.0528,76.2083
29161,Benipati,14806.0,India,26.4442,85.9083
29174,Devarapalle,14796.0,India,17.03,81.37
29177,Palod,14795.0,India,8.7033,77.0264
29197,Sanquelim,14776.0,India,15.5027,73.7669
29203,Kamrawan,14768.0,India,25.6956,85.838
29204,Curtorim,14766.0,India,15.28,74.03
29206,Hasanpur Juned,14764.0,India,25.5915,85.5238
29213,Cherupazhasshi,14759.0,India,12.0916,75.4414
29232,Perunkolattur,14749.0,India,12.043,78.9174
29239,Ijra,14745.0,India,26.3119,86.0037
29244,Garhpura,14741.0,India,25.6638,86.1818
29251,Vaddapalli,14737.0,India,18.5323,77.8959
29255,Andurkonam,14736.0,India,8.5969,76.8664
29276,Baladharmaram,14721.0,India,17.4104,79.969
29286,Sahit,14714.0,India,25.5888,85.7948
29289,Chhapia,14710.0,India,26.0831,84.8447
29299,Tirumalaiyampalaiyam,14699.0,India,10.879,76.9295
29301,Koteshwar,14697.0,India,13.607,74.75
29312,Kodangipatti,14688.0,India,9.992,77.4332
29314,Kurumbalur,14686.0,India,11.236,78.8005
29321,Paramati,14683.0,India,11.1544,78.0213
29338,Manantheri,14667.0,India,11.8428,75.615
29340,Pudur,14665.0,India,9.0001,77.2076
29353,Kamalganj,14659.0,India,27.27,79.65
29356,Rasulpur Dhuria,14658.0,India,25.5693,87.0375
29369,Mulakad,14651.0,India,9.8902,76.6546
29371,Kaonke,14646.0,India,30.7659,75.4172
29376,Vubatalai,14640.0,India,11.3597,76.7649
29384,Tiruvasaladi,14634.0,India,11.4013,79.7746
29410,Alanganallur,14622.0,India,10.047,78.0903
29420,Kankipadu,14616.0,India,16.45,80.7833
29425,Vemuluru,14613.0,India,16.9337,81.8057
29428,Paliaturutu,14611.0,India,10.2959,76.1581
29446,Sinha,14603.0,India,25.6902,84.6291
29459,Holalagondi,14593.0,India,15.4873,77.0464
29465,Satyun,14590.0,India,28.5667,75.1167
29468,Kelamangalam,14588.0,India,12.6031,77.8519
29469,Dinmanpur,14588.0,India,25.9112,85.9288
29475,Thillangeri,14583.0,India,11.95,75.6167
29478,Baligaon,14582.0,India,25.4196,84.4951
29488,Talya,14574.0,India,14.042,76.184
29489,Kanjikkovil,14572.0,India,11.3689,77.5962
29490,Jitwarpur Nizamat,14571.0,India,25.8489,85.8006
29494,Lakkampatti,14570.0,India,11.4461,77.4118
29497,Palayad,14566.0,India,11.5847,75.7528
29500,Paniem,14565.0,India,15.5167,78.35
29502,Kottacheruvu,14564.0,India,14.1886,77.7658
29507,Darpa,14562.0,India,26.84,84.9774
29510,Tiruppachur,14560.0,India,13.1384,79.8764
29513,Relangi,14559.0,India,16.705,81.647
29516,Bijaipur,14555.0,India,26.0556,77.3697
29522,Halwara,14551.0,India,30.7167,75.65
29529,Gundlapelle,14546.0,India,16.4102,79.8813
29548,Nagireddipalli,14534.0,India,14.2701,79.1013
29553,Kusaha,14530.0,India,26.2077,86.9587
29556,Kizhakkummuri,14529.0,India,11.3333,75.8167
29561,Kannamanayakkanur,14526.0,India,10.5527,77.269
29569,Pandhana,14522.0,India,21.6982,76.2249
29581,Pakarya Harsidhi,14516.0,India,26.6526,84.7198
29593,Suwasra,14505.0,India,24.0698,75.6523
29598,Nadisal,14502.0,India,13.1326,74.7777
29599,Gavinivaripalem,14502.0,India,15.8378,80.4315
29600,Surajpura,14502.0,India,25.2576,86.2283
29601,Sadhoa,14501.0,India,25.4049,87.198
29603,Kandela,14500.0,India,29.45,77.32
29613,Lingal,14497.0,India,16.2833,78.5167
29614,Chinnavadampatti,14494.0,India,11.0615,76.9838
29617,Lakho,14493.0,India,25.4113,86.1792
29618,Barhni,14492.0,India,27.4972,82.7861
29620,Harduli,14490.0,India,22.9278,79.903
29629,Babhangawan,14479.0,India,25.3674,86.9501
29636,Nawada,14476.0,India,25.5431,85.924
29649,Pakala,14467.0,India,15.2694,80.072
29650,Markacho,14467.0,India,24.3263,85.8346
29651,Roh,14467.0,India,24.8905,85.675
29656,Khallikot,14464.0,India,19.6091,85.0861
29657,Tiruvalanjuli,14460.0,India,10.9449,79.3286
29663,Lagunia Surajkanth,14457.0,India,25.8304,85.7887
29670,Tarlapalli,14454.0,India,18.8345,79.4907
29676,Shatrana,14452.0,India,29.9102,76.1202
29677,Mansala,14452.0,India,15.9417,77.4281
29679,Narahia,14450.0,India,26.3681,86.5434
29680,Bara,14450.0,India,24.3146,87.9643
29699,Sirmaur,14435.0,India,24.8365,81.3645
29710,Kolwara,14430.0,India,25.3538,86.77
29713,Baqiabad,14429.0,India,25.1,82.9
29714,Satwas,14428.0,India,22.5363,76.6845
29718,Davorlim,14426.0,India,15.2722,73.9924
29719,Alur,14426.0,India,15.3942,77.2264
29723,Dornakal,14425.0,India,17.447,80.151
29726,Tirkarur,14424.0,India,10.0667,76.6167
29728,Kharki,14423.0,India,23.9165,85.8596
29737,Barhi,14418.0,India,23.9033,80.8152
29741,Vadugapatti,14415.0,India,11.1518,77.7375
29750,Chik Banavar,14409.0,India,13.0846,77.5014
29752,Paidiipalli,14407.0,India,18.0172,79.6159
29758,Mutyalapalle,14406.0,India,16.4019,81.5703
29761,Nagra,14405.0,India,25.968,83.873
29762,Haldibari,14404.0,India,26.33,88.77
29766,Tupran,14401.0,India,17.8452,78.4787
29780,Hargawan,14391.0,India,25.1428,85.5652
29788,Mohanpur Gaughata,14388.0,India,25.3345,87.3404
29793,Karempudi,14385.0,India,16.4333,79.7167
29795,Vasad,14384.0,India,22.45,73.0667
29801,Puraini,14381.0,India,25.5968,86.9892
29802,Kamatgi,14380.0,India,16.119,75.8482
29809,Tezu,14376.0,India,27.92,96.17
29812,Doria Sonapur,14374.0,India,26.183,87.3873
29813,Penuganchiprolu,14374.0,India,16.9033,80.2356
29814,Sailana,14372.0,India,23.4622,74.9232
29819,Vatluru,14368.0,India,16.6998,81.0524
29820,Patiali,14366.0,India,27.7167,79.0167
29827,Barela,14361.0,India,23.0968,80.0508
29841,Thondiamannu,14352.0,India,9.2639,76.8833
29851,Baulia,14345.0,India,25.399,87.6002
29852,Bihpuriagaon,14345.0,India,27.0172,93.9167
29857,Narhan,14340.0,India,25.6941,86.0074
29858,Bhanukumari,14340.0,India,26.3395,89.7697
29864,Hindalgi,14337.0,India,16.1364,74.6547
29870,Muttukuru,14333.0,India,14.2667,80.1
29871,Lakhsetipet,14332.0,India,18.8873,79.2069
29882,Palda,14329.0,India,22.68,75.8939
29886,Walajabad,14325.0,India,12.7904,79.8236
29889,Gua,14323.0,India,22.2136,85.3877
29890,Jori Kalan,14323.0,India,24.2045,84.877
29891,Polaia Kalan,14322.0,India,23.2119,76.5529
29892,Chikhli Kalan,14322.0,India,22.2152,78.743
29894,Kottavalasa,14321.0,India,17.9,83.2
29899,Kizhariyur,14320.0,India,11.4833,75.6833
29903,Karkudalpatti,14316.0,India,11.5002,78.3521
29905,Viraghattam,14315.0,India,18.6833,83.6
29914,Mangoli,14306.0,India,16.65,75.81
29920,Huliyar,14304.0,India,13.5828,76.5361
29928,Kambainellur,14299.0,India,12.2071,78.3187
29937,Korangal,14294.0,India,17.107,77.627
29950,Anantarazupeta,14287.0,India,14.0014,79.3319
29951,Bariariya,14287.0,India,26.5105,84.7165
29957,Unguturu,14280.0,India,16.823,81.4238
29959,Bikkavolu,14278.0,India,16.95,82.05
29968,Ghaura,14273.0,India,24.5059,79.0781
29969,Vedasandur,14273.0,India,10.531,77.9502
29978,Manoharpur,14265.0,India,22.3746,85.1923
29984,Chikitigarh,14258.0,India,19.2023,84.6145
29997,Raje,14248.0,India,26.2216,86.1454
30004,Kukdeshwar,14246.0,India,24.4828,75.2675
30007,Kodanad,14244.0,India,10.18,76.51
30014,Padavedu,14241.0,India,12.673,79.1047
30018,Saren,14238.0,India,25.1149,84.9744
30021,Kashti,14235.0,India,18.5492,74.5822
30026,Pannimadai,14232.0,India,11.0823,76.9164
30034,Nagardevla Budrukh,14229.0,India,20.5667,75.2167
30044,Terkuvenganallur,14220.0,India,9.4052,77.5408
30045,Barkuhi,14220.0,India,22.1901,78.7047
30050,Chebrolu,14216.0,India,16.8206,81.4048
30063,Siddapur,14204.0,India,14.347,74.894
30064,Ālangudi,14204.0,India,10.3604,78.9779
30070,Panr,14201.0,India,25.6884,85.798
30073,Begowal,14200.0,India,31.6125,75.5194
30087,Odlabari,14194.0,India,26.8594,88.6214
30091,Tamarakulam,14188.0,India,8.1325,77.4848
30098,Pansemal,14182.0,India,21.6598,74.6994
30104,Nallagunta,14176.0,India,16.5763,80.6854
30105,Talbahat,14176.0,India,25.042,78.433
30110,Pirangut,14174.0,India,18.5115,73.6801
30111,Bhulwal,14174.0,India,32.8094,74.7683
30121,Orumanayur,14167.0,India,10.5583,76.0347
30128,Raghudebbati,14165.0,India,22.53,88.2
30131,Katravulapalle,14164.0,India,17.1277,82.0831
30136,Antarvedipalem,14162.0,India,16.3319,81.732
30138,Jitwarpur Kumhra,14160.0,India,25.7852,85.7044
30144,Pulur,14157.0,India,18.1,78.85
30151,Kutavur,14151.0,India,8.7833,76.8167
30159,Rambha,14145.0,India,19.4433,84.9881
30178,Sur Singh,14134.0,India,31.3992,74.716
30184,Kilattingal,14129.0,India,8.6891,76.7877
30192,Chapra,14123.0,India,23.5391,88.5467
30207,Siroda,14112.0,India,15.3292,74.0271
30209,Phulwar,14110.0,India,26.8148,84.843
30210,Gudur,14110.0,India,17.7956,79.9747
30220,Eraura,14101.0,India,24.613,84.4555
30230,Doranahalli,14097.0,India,16.7324,76.9162
30231,Byahatti,14097.0,India,15.4468,75.2054
30242,Rajim,14090.0,India,20.965,81.8817
30254,Tamar,14081.0,India,23.0488,85.649
30268,Ponnampatti,14071.0,India,10.3668,78.3955
30273,Sumbal,14064.0,India,34.2307,74.6472
30282,Vammanal,14059.0,India,12.0281,75.7093
30290,Sasan,14054.0,India,25.6883,86.1907
30300,Karugamad,14049.0,India,10.4667,76.1
30319,Kottaiyur,14035.0,India,10.1096,78.7956
30321,Amari,14034.0,India,25.7179,86.0839
30326,Suknadanga,14027.0,India,24.46,88.05
30327,Karai,14026.0,India,12.9377,79.3163
30328,Ūttukkottai,14026.0,India,13.3354,79.898
30331,Barari,14025.0,India,25.5068,87.3761
30351,Barjora,14012.0,India,23.43,87.28
30355,Ilampillai,14011.0,India,11.6066,78.0068
30357,Keal,14010.0,India,25.1218,84.6324
30362,Turuttiyad,14009.0,India,11.5167,75.65
30365,Ranapur,14007.0,India,22.647,74.5212
30368,Alewah,14004.0,India,29.4767,76.4522
30371,Rajasur,14003.0,India,17.86,76.95
30376,Brahmanandapuram,14000.0,India,16.9583,82.0056
30410,Annaram,13994.0,India,16.784,79.302
30423,Kongarapalli,13984.0,India,10.0448,76.3552
30429,Ganguvarpatti,13981.0,India,10.1694,77.6973
30439,Sutihar,13977.0,India,25.8482,84.9712
30440,Boha,13977.0,India,29.8348,75.5237
30442,Mankal,13974.0,India,17.2014,78.4678
30459,Chaugain,13959.0,India,25.4801,84.2328
30468,Belwara,13951.0,India,25.7443,86.4755
30469,Amaha,13951.0,India,26.1284,86.7998
30476,Belsandi Tara,13949.0,India,25.7722,85.9608
30481,Perdur,13945.0,India,13.3844,74.9029
30497,Attibele,13937.0,India,12.7781,77.7726
30506,Hunasagi,13932.0,India,16.4575,76.5239
30515,Sukma,13926.0,India,18.4,81.6667
30520,Viraganur,13922.0,India,11.4761,78.7355
30530,Muttunayakkanpatti,13912.0,India,11.7125,78.033
30531,Khergam,13912.0,India,20.63,73.09
30534,Kelangah,13910.0,India,28.87,76.3285
30543,Kubadupuram,13904.0,India,16.468,79.9539
30545,Krishnarayapuram,13903.0,India,10.9563,78.2782
30557,Bhogpur,13893.0,India,31.55,75.63
30559,Jiran,13890.0,India,24.3087,74.8909
30565,Polukallu,13885.0,India,15.8284,77.7431
30571,Tumbippadi,13883.0,India,11.808,78.0783
30581,Tati,13874.0,India,23.3772,85.4379
30589,Linganaboyinacherla,13869.0,India,16.3961,81.6598
30600,Kishanpur Ratwara,13862.0,India,25.4822,86.8511
30601,Polavaram,13861.0,India,17.2479,81.6432
30604,Tarauna,13860.0,India,26.2371,87.5123
30616,Iskapalli,13852.0,India,14.7363,80.0981
30625,Parihara,13848.0,India,25.5378,86.2728
30626,Dogachi,13848.0,India,24.6195,87.9221
30630,Mandalgarh,13844.0,India,25.2,75.1
30633,Kauriya,13842.0,India,26.1517,84.6948
30638,Gangaikondan,13837.0,India,11.5389,79.4765
30644,Valayam,13835.0,India,11.7214,75.6697
30648,Haidarnagar,13833.0,India,24.4883,83.9443
30652,Vellodu,13832.0,India,10.3048,77.9552
30656,Vembarpatti,13829.0,India,10.25,78.1167
30664,Khajawa,13823.0,India,24.9174,79.9269
30669,Irikkur,13820.0,India,11.97,75.57
30679,Colangute,13810.0,India,15.5417,73.7619
30680,Turuvanur,13809.0,India,14.22,76.4
30688,Nawagarh,13806.0,India,31.1899,77.6261
30694,Gangavalli,13803.0,India,11.4983,78.6461
30709,Bideipur,13796.0,India,21.0147,86.8195
30714,Tibri,13794.0,India,31.9854,75.4316
30739,Madanpur,13775.0,India,25.867,86.7875
30752,Arugollu,13767.0,India,16.8253,81.5775
30764,Kodigenahalli,13759.0,India,13.8608,77.4792
30766,Singalandapuram,13757.0,India,11.4166,78.2224
30769,Amrabad,13753.0,India,16.3833,78.8333
30774,Chityal,13752.0,India,17.2333,79.1333
30779,Kannivadi,13750.0,India,10.3794,77.8303
30790,Manavalakurichi,13743.0,India,8.1478,77.3055
30792,Barghat,13742.0,India,22.0306,79.7328
30798,Badarwas,13739.0,India,24.9752,77.5649
30813,Bodagudipadu,13733.0,India,14.7385,79.8602
30814,Palkur,13733.0,India,15.4144,78.2507
30818,Darihat,13730.0,India,24.9702,84.2319
30822,Malepur,13728.0,India,24.974,86.2555
30832,Sobraon,13720.0,India,31.1833,74.85
30839,Tamaraikkulam,13716.0,India,10.1085,77.5553
30844,Sher Chakla,13713.0,India,25.3848,86.6952
30853,Kovilur,13706.0,India,12.5537,78.9168
30857,Kaleyanpur,13704.0,India,26.4297,84.9327
30864,Mohda,13697.0,India,21.2751,81.6676
30866,Tiruppanandal,13696.0,India,11.0919,79.4538
30889,Chak Husaini,13685.0,India,25.5169,86.5566
30895,Karma,13681.0,India,23.684,85.5706
30900,Kannadiparamba,13677.0,India,11.935,75.403
30902,Kaladgi,13676.0,India,16.204,75.5
30912,Bhimadolu,13669.0,India,16.8144,81.2617
30930,Isagarh,13658.0,India,24.8391,77.8827
30937,Barahari,13655.0,India,25.7652,87.0937
30939,Ajjampur,13654.0,India,13.7279,76.0068
30940,Bilaspur,13654.0,India,31.33,76.75
30945,Avalepalli,13651.0,India,12.7714,77.8594
30947,Domkonda,13648.0,India,18.2561,78.4377
30969,Kunjatturu,13633.0,India,12.7431,74.8861
30970,Dantewara,13633.0,India,18.9,81.339
30972,Pitlam,13631.0,India,18.2227,77.8238
30977,Balhapur,13626.0,India,25.3511,86.2122
30980,Ottaikkalmantapam,13622.0,India,10.8827,76.9943
30981,Mahuwa Singhrai,13622.0,India,25.8168,85.3853
30989,Babhanganwa,13618.0,India,26.1398,86.8464
31008,Karpi,13607.0,India,25.1612,84.7299
31015,Chengara,13603.0,India,10.129,76.373
31018,Atner,13601.0,India,21.6238,77.9152
31019,Mohania,13601.0,India,25.1692,83.6192
31024,Nighoj,13600.0,India,18.9597,74.2769
31028,Rayapalle,13597.0,India,16.2828,81.2504
31029,Razole,13597.0,India,16.4743,81.8402
31032,Sisai,13596.0,India,26.1899,84.5643
31033,Duvva,13596.0,India,16.7792,81.6242
31039,Amingarh,13593.0,India,16.0572,75.9489
31062,Gondalga,13576.0,India,17.8053,79.8944
31069,Patalia,13572.0,India,25.66,86.0066
31083,Dattapulia,13562.0,India,23.24,88.7058
31084,Dhana,13561.0,India,23.747,78.8623
31088,Nalatvad,13558.0,India,16.34,76.14
31091,Lala,13556.0,India,24.5542,92.6159
31093,Kurtkoti,13552.0,India,15.3681,75.5239
31096,Bishenpur,13548.0,India,24.6282,93.761
31101,Rahui,13545.0,India,25.2728,85.5555
31102,Karnawad,13545.0,India,22.7361,76.2439
31109,Rukhae,13539.0,India,25.3269,85.3725
31111,Kheri Naru,13537.0,India,29.6479,76.911
31113,Beur,13535.0,India,25.569,85.0944
31118,Janapadu,13533.0,India,16.4617,79.8699
31132,Borgaon,13519.0,India,16.42,74.58
31143,Kodriva,13507.0,India,22.5342,75.7725
31146,Avidha,13506.0,India,21.6651,73.0366
31152,Perungala,13501.0,India,9.1764,76.5278
31153,Siriari,13500.0,India,25.6733,73.8084
31156,Karuvellur,13498.0,India,12.1733,75.2097
31169,Sikat,13491.0,India,25.5186,87.4423
31173,Chandla,13485.0,India,25.0715,80.1929
31177,Marudur,13482.0,India,10.916,78.4509
31179,Gudikallu,13481.0,India,15.7441,77.476
31182,Vaghodia,13480.0,India,22.3,73.38
31185,Bedadka,13476.0,India,12.45,75.15
31186,Afzala,13475.0,India,25.9319,86.2293
31192,Madakkathara,13472.0,India,10.55,76.2583
31196,Jamira,13469.0,India,25.5535,84.7063
31197,Elanad,13469.0,India,10.6167,76.3833
31198,Kesariya,13469.0,India,26.3342,84.8548
31199,Yedapalli,13469.0,India,18.6789,77.9505
31200,Palakkuzhi,13469.0,India,9.8833,76.6139
31204,Chembrassheri,13466.0,India,11.1243,76.2582
31205,Dundigal,13465.0,India,17.5781,78.4288
31207,Panjgirain Kalan,13464.0,India,30.6096,74.9143
31211,Nagnur,13459.0,India,16.14,74.81
31213,Nallajerla,13457.0,India,16.95,81.4
31215,Gullapuram,13456.0,India,10.0657,77.6446
31218,Villanchirai,13455.0,India,9.7198,76.6517
31231,Bhakua,13449.0,India,26.5167,86.1974
31232,Kulharia,13449.0,India,25.3382,86.7612
31238,Kadattur,13442.0,India,12.0861,78.2926
31255,Chinna Mushidivada,13425.0,India,17.8057,83.2033
31265,Daharia,13419.0,India,26.1807,87.0043
31269,Ghordaur,13417.0,India,25.7089,86.612
31274,Kotgir,13413.0,India,18.5722,77.8243
31280,Talegaon Dhamdhere,13410.0,India,18.6678,74.1536
31283,Basaon,13409.0,India,26.2082,84.6174
31287,Vellarivalli,13408.0,India,11.6003,77.7927
31288,Benaulim,13408.0,India,15.27,73.9346
31291,Pariharpur,13407.0,India,26.4026,86.1256
31298,Gaundra,13403.0,India,26.3683,85.0036
31311,Uppidamangalam,13399.0,India,10.9034,78.1575
31312,Panapakkam,13399.0,India,12.921,79.5663
31313,Velanganni,13399.0,India,10.6814,79.8508
31326,Vikravandi,13391.0,India,12.0369,79.546
31330,Abhwar,13390.0,India,26.174,86.6324
31334,Telmar,13387.0,India,25.4237,85.4358
31335,Besarh,13384.0,India,25.9537,87.0491
31344,Chimalapadu,13379.0,India,16.8902,80.6505
31352,Paruchuru,13375.0,India,15.967,80.275
31367,Bagli,13368.0,India,22.6412,76.3488
31371,Barka Parbatta,13365.0,India,25.3396,87.0576
31382,Mangalapur,13353.0,India,13.6245,79.5803
31389,Tiorpara,13350.0,India,22.238,88.5614
31392,Bijai,13349.0,India,25.4711,87.0874
31399,Nattappettai,13346.0,India,12.8187,79.7493
31400,Sigli,13346.0,India,15.0631,75.4667
31403,Vemulapudi,13345.0,India,17.6087,82.6138
31404,Payyanadam,13344.0,India,11.0108,76.4457
31409,Pazhanji,13339.0,India,10.6885,76.0505
31411,Mangalapuram,13337.0,India,11.5667,78.3788
31416,Marungur,13335.0,India,8.1721,77.5037
31417,Rajpur,13334.0,India,25.0768,84.2055
31420,Chandi,13332.0,India,22.3503,88.2828
31429,Amarpura,13326.0,India,26.3667,73.9833
31431,Dambal,13325.0,India,15.296,75.7737
31432,Tiruvarpu,13324.0,India,9.5811,76.4749
31433,Pataili,13324.0,India,25.7872,85.8316
31439,Dohta,13323.0,India,26.1071,87.9091
31445,Bachhauta,13321.0,India,25.5242,86.4606
31451,Dumaria,13317.0,India,26.7652,84.3964
31462,Narayangarh,13306.0,India,24.2708,75.0501
31468,Kagvad,13303.0,India,16.48,74.78
31482,Goh,13297.0,India,24.9845,84.6498
31487,Sirhali Kalan,13295.0,India,31.2783,74.9414
31488,Ratnapuram,13293.0,India,18.6283,79.5517
31489,Undrajavaram,13293.0,India,16.7866,81.6997
31498,Padaivedu,13287.0,India,11.4401,77.8089
31504,Aginiparru,13283.0,India,16.6817,80.7839
31505,Annamalainagar,13281.0,India,11.4,79.7333
31510,Panchgani,13280.0,India,17.925,73.8
31512,Prattipadu,13279.0,India,16.1878,80.3392
31518,Ettapur,13276.0,India,11.6625,78.4764
31522,Tummanatti,13275.0,India,11.4284,76.7585
31530,Buttar,13269.0,India,31.0038,75.3973
31531,Modakkurichchi,13268.0,India,11.2329,77.7794
31549,Peringom,13261.0,India,12.2236,75.3139
31553,Karivalamvandanallur,13258.0,India,9.2715,77.5416
31554,Doddipatla,13258.0,India,16.5167,81.8436
31567,Muragacha,13249.0,India,22.696,88.42
31569,Sumbha,13246.0,India,25.5789,86.3608
31572,Kuttyattur,13244.0,India,11.9754,75.4927
31576,Chhapra,13242.0,India,26.4005,85.3721
31580,Manivilundan,13240.0,India,11.6004,78.7169
31583,Dharmaram,13239.0,India,18.3038,79.4892
31586,Daulatnagar,13235.0,India,25.3216,87.8443
31588,Nanjai Kilabadi,13234.0,India,11.2658,77.77
31589,Dharphari,13234.0,India,26.1501,84.9564
31595,Perladka,13230.0,India,12.6426,75.1049
31603,Sabang,13224.0,India,22.183,87.599
31606,Mahalpur,13223.0,India,31.3618,76.0377
31607,Gopalasamudram,13223.0,India,8.6747,77.6379
31615,Jula Buzarg,13219.0,India,19.4639,76.9861
31620,Arsali,13214.0,India,24.3754,83.5903
31623,Bichkunda,13213.0,India,18.4,77.7167
31628,Kathevaram,13209.0,India,16.261,80.636
31629,Khiria,13209.0,India,25.6047,87.4578
31635,Bondada,13205.0,India,16.5295,81.4549
31648,Tonakkal,13198.0,India,8.6312,76.9555
31649,Guttal,13198.0,India,14.8333,75.6333
31656,Bundala,13192.0,India,31.5333,74.9833
31660,Hissaramuruvani,13189.0,India,15.771,77.4194
31663,Jobat,13188.0,India,22.416,74.5683
31665,Palsana,13186.0,India,27.5121,75.326
31671,Marathalli,13182.0,India,12.15,77.1
31680,Auria,13177.0,India,24.8563,87.0112
31686,Penamaluru,13170.0,India,16.4681,80.7194
31696,Hajan,13163.0,India,34.2989,74.6168
31698,Samalsar,13161.0,India,30.6364,74.9983
31719,Hulkoti,13149.0,India,15.4333,75.5333
31736,Bajala,13141.0,India,12.8537,74.8853
31741,Kaua Kol,13135.0,India,24.8447,85.8867
31749,Gothva,13132.0,India,23.4781,72.5624
31756,Tetari,13126.0,India,25.3757,87.0691
31758,Saktipur,13123.0,India,23.864,88.1987
31759,Ayodhyapattanam,13122.0,India,11.6755,78.2409
31771,Koregaon,13116.0,India,18.6456,74.0592
31773,Maqsuda,13115.0,India,26.241,86.0585
31780,Barhi,13111.0,India,24.3045,85.4195
31785,Shitab Diara,13108.0,India,25.7563,84.6133
31786,Sargur,13108.0,India,11.9997,76.3961
31788,Kanabur,13107.0,India,13.3523,75.4517
31790,Rajupalem,13106.0,India,15.1385,79.996
31793,Tirumakudal Narsipur,13103.0,India,12.2121,76.9018
31800,Kavital,13097.0,India,16.1082,76.7962
31801,Medapadu,13097.0,India,17.0044,82.1001
31806,Kottaram,13093.0,India,8.1188,77.5243
31818,Gaurhati,13084.0,India,22.7687,87.8084
31826,Gurlapeta,13078.0,India,18.1167,83.4167
31827,Takkolam,13078.0,India,13.0164,79.7325
31829,Chandhaus,13077.0,India,25.2977,84.8595
31830,Udaipur Bithwar,13077.0,India,26.2872,86.1578
31832,Peddavadlapudi,13076.0,India,16.4098,80.6114
31833,Ekwari,13075.0,India,25.2975,84.4994
31835,Nasiyanur,13074.0,India,11.3381,77.6408
31845,Killai,13066.0,India,11.4493,79.7668
31846,Kalikiri,13065.0,India,13.6333,78.8
31847,Pallappalaiyam,13065.0,India,10.9951,77.0845
31849,Jalhalli,13063.0,India,13.0333,77.55
31856,Paina,13060.0,India,25.5406,86.9939
31858,Balua,13057.0,India,26.3272,87.6231
31859,Mohgaon,13057.0,India,21.6394,78.7364
31884,Pandireddigudem,13043.0,India,16.8,81.3167
31885,Pulla,13043.0,India,16.8094,81.3238
31889,Rasauli,13038.0,India,26.127,84.8378
31892,Charabidya,13035.0,India,22.3271,88.7879
31894,Turbihal,13034.0,India,15.7614,76.5964
31906,Ajas,13028.0,India,34.3316,74.6801
31907,Darasuram,13027.0,India,10.9515,79.3562
31915,Dayalpur Sapha,13021.0,India,25.7122,85.3188
31916,Baraon,13021.0,India,25.4551,84.2661
31922,Neuri,13019.0,India,26.0076,86.1841
31926,Barah,13017.0,India,25.3885,85.4912
31931,Gangoli,13014.0,India,13.6538,74.6664
31932,Peddakurapadu,13014.0,India,16.4833,80.2667
31933,Kalaiyamputtur,13013.0,India,10.4542,77.4831
31935,Belpukur,13011.0,India,21.9851,88.2125
31937,Thara,13008.0,India,26.7027,78.2788
31939,Chandauli,13007.0,India,25.8972,85.7161
31941,Sidhwan,13006.0,India,31.2725,75.3652
31952,Jalam,13000.0,India,20.8167,76.5833
31953,Ghoradongri,13000.0,India,22.1228,78.0025
31954,Moviya,13000.0,India,21.9153,70.8465
31955,Amauna,13000.0,India,25.0531,84.5169
31956,Dammennu,13000.0,India,16.8255,81.7079
32012,Anandapuram,12993.0,India,11.09,76.9422
32014,Lohiyar Ujain,12992.0,India,26.6284,84.7452
32018,Baduriatola,12990.0,India,24.0928,84.0895
32019,Kottapadi,12990.0,India,10.0667,76.6
32021,Chhara,12989.0,India,28.6957,76.7072
32022,Chawalhati,12988.0,India,26.4841,88.5677
32033,Kollipara,12982.0,India,16.2877,80.7519
32037,Chang,12979.0,India,28.8808,76.2427
32038,Jianganj,12976.0,India,25.8661,87.2612
32048,Sitalpur,12971.0,India,26.405,85.007
32052,Barwat Pasrain,12970.0,India,26.7925,84.5469
32053,Phulwaria,12969.0,India,25.9395,85.0035
32054,Bachra,12969.0,India,23.6886,85.0703
32061,Lingamparti,12967.0,India,17.2827,82.1231
32065,Uppada,12964.0,India,17.0833,82.3333
32067,Palangarai,12963.0,India,11.1978,77.3058
32075,Kudangulam,12957.0,India,8.1901,77.7002
32078,Jhaua,12955.0,India,25.625,84.5161
32083,Mirdaul,12951.0,India,26.2363,87.0971
32087,Mulakaluru,12949.0,India,16.2776,80.0672
32090,Jaitpur,12946.0,India,25.9132,84.573
32092,Lakkavaram,12945.0,India,17.0628,81.2919
32095,Cherutana Tekku,12944.0,India,9.323,76.4382
32103,Sakhmohan,12939.0,India,25.6325,85.9859
32105,Rampur Shamchand,12937.0,India,25.5664,85.3289
32114,Kachavaram,12928.0,India,16.5361,79.7187
32117,Ātmakuru,12926.0,India,14.6452,77.3554
32130,Amarwa Khurd,12920.0,India,26.8333,84.25
32140,Kalanaur,12915.0,India,32.01,75.09
32155,Karahal,12903.0,India,25.4909,77.0543
32161,Kankandighi,12900.0,India,21.9744,88.4659
32167,Vellakkinar,12899.0,India,11.0736,76.9566
32168,Tirmaigiri,12899.0,India,17.427,79.4724
32170,Gurgunta,12898.0,India,16.2558,76.5628
32172,Sisauna,12897.0,India,26.132,87.6231
32174,Kalappalangulam,12896.0,India,9.1889,77.5604
32180,Saghar Sultanpur,12893.0,India,26.1583,84.757
32182,Bagewadi,12892.0,India,16.29,74.6
32186,Elavanasur,12889.0,India,11.7154,79.1796
32187,Pentapadu Kasba,12889.0,India,16.7804,81.5254
32191,Kalavai,12887.0,India,12.7691,79.4196
32202,Ringnod,12880.0,India,22.6113,74.9338
32203,Edattirutti,12880.0,India,10.3667,76.1333
32210,Koturkolkara,12876.0,India,9.5667,76.8833
32220,Alayaman,12869.0,India,8.8843,76.9653
32224,Tanakkangulam,12867.0,India,9.8877,78.0397
32238,Mansapur,12859.0,India,26.5262,86.4101
32239,Rehti,12859.0,India,22.7378,77.434
32240,Mulaikkaraippatti,12859.0,India,8.5454,77.7679
32245,Dhutauli,12855.0,India,25.5274,86.625
32248,Chinnasekkadu,12854.0,India,13.1609,80.2573
32249,Daparkha,12854.0,India,26.1293,86.9004
32254,Saunshi,12848.0,India,15.2167,75.3
32257,Vedappatti,12846.0,India,10.9988,76.896
32262,Rahika,12844.0,India,26.3803,86.0204
32264,Bihariganj,12843.0,India,25.7341,86.9884
32269,Sugauna,12842.0,India,26.4077,86.2174
32277,Kallad,12838.0,India,9.95,76.6667
32279,Janai,12837.0,India,22.7157,88.2426
32280,Meddappakkam,12837.0,India,12.9166,80.1939
32288,Kadachchinallur,12830.0,India,11.3686,77.8033
32291,Sattar,12827.0,India,25.955,86.5828
32292,Barhauna,12827.0,India,25.6043,85.7288
32295,Kaul,12826.0,India,29.8461,76.6608
32306,Mullassheri,12819.0,India,10.5333,76.0833
32307,Salempur,12818.0,India,26.4588,84.6517
32315,Arakere,12814.0,India,12.4133,76.8168
32318,Ganga,12812.0,India,30.3229,74.9234
32324,Ziro,12806.0,India,27.5664,93.8314
32326,Bela Simri,12805.0,India,25.5295,86.3079
32327,Bhagwanpur Khurd,12805.0,India,26.75,83.74
32331,Venkatagirikota,12803.0,India,13.0012,78.4795
32333,Bazidpur,12801.0,India,26.1536,86.1511
32336,Yelmalla,12800.0,India,18.8241,78.1609
32337,Govindgarh,12800.0,India,24.3785,81.2964
32345,Kachchippalli,12798.0,India,11.595,77.9188
32346,Chinnakkampalaiyam,12796.0,India,10.7064,77.4575
32348,Khuldabad,12794.0,India,20.0095,75.1888
32349,Arohi,12794.0,India,31.8419,76.8645
32351,Kurwa Mathia,12793.0,India,26.8572,84.5058
32355,Lokapur,12790.0,India,16.1656,75.366
32361,Rampurwa,12788.0,India,26.7544,84.7114
32364,Mallapur,12786.0,India,16.14,74.81
32372,Jasauli,12781.0,India,26.4996,84.8171
32376,Kannudaiyampatti,12778.0,India,10.6377,78.4733
32385,Nangavalli,12772.0,India,11.7619,77.8909
32393,Harpur Bochaha,12768.0,India,25.5919,85.7517
32394,Nandyalampeta,12768.0,India,14.7218,78.8083
32411,Chahatpur,12760.0,India,26.2331,87.5816
32418,Bariyarpur,12757.0,India,26.6347,84.9245
32419,Maheswa,12757.0,India,25.9718,86.855
32421,Anaikal,12756.0,India,9.6003,76.6846
32430,Vadasseri,12751.0,India,8.1937,77.4343
32433,Nawada Gobindganj,12749.0,India,26.4868,84.6561
32434,Barud,12749.0,India,21.7497,75.527
32435,Kolappalur,12748.0,India,11.51,77.45
32438,Kamrej,12746.0,India,21.1364,72.9572
32439,Maroli,12746.0,India,21.024,72.889
32443,Begampur,12742.0,India,22.3705,88.494
32445,Dharampur Bande,12741.0,India,25.6609,85.5742
32448,Bahadurpur,12739.0,India,25.4522,85.6303
32450,Majarhat,12738.0,India,25.9654,86.8126
32451,Chinna Gollapalem,12738.0,India,16.3701,81.5322
32454,Mahabaleshwar,12737.0,India,17.925,73.6575
32458,Bandlaguda,12734.0,India,17.3543,78.3853
32461,Jami,12732.0,India,18.05,83.2667
32467,Duvvuru,12727.0,India,14.8333,78.65
32471,Obalapuram,12725.0,India,14.8,78.783
32478,Emmiganuru,12720.0,India,15.15,76.92
32485,Bakhtawarpur,12716.0,India,28.821,77.166
32486,Mahtha,12715.0,India,26.5988,86.3158
32493,Pirnagar,12712.0,India,25.5982,86.7178
32497,Damarcherla,12710.0,India,16.7269,79.6369
32503,Sivalarkulam,12705.0,India,8.87,77.5267
32505,Madugula,12704.0,India,17.9167,82.8
32510,Nirakpurpali,12701.0,India,25.3244,84.8114
32516,Samai,12697.0,India,24.9788,85.5861
32517,Battulapalle,12697.0,India,14.5167,77.7833
32523,Sante Bennur,12695.0,India,14.1697,76.0033
32528,Peraiyur,12690.0,India,9.7341,77.79
32534,Bamhni,12687.0,India,22.4822,80.3716
32535,Manakondur,12687.0,India,18.3981,79.225
32538,Ālampur Gonpura,12686.0,India,25.5404,85.0511
32549,Maniyur,12681.0,India,11.95,75.45
32554,Daharia,12678.0,India,25.5307,87.5947
32580,Kotturu,12661.0,India,17.2958,82.4752
32583,Puduru,12660.0,India,16.152,77.8273
32588,Mugutkhan Hubli,12658.0,India,15.79,74.75
32601,Sheopuria,12651.0,India,28.53,79.77
32611,Tilari,12649.0,India,25.004,85.252
32613,Awantipur,12647.0,India,33.9233,75.0128
32626,Ponduru,12640.0,India,18.3508,83.7567
32632,Puttanattam,12637.0,India,10.467,78.3687
32633,Kakan,12636.0,India,26.1509,87.5674
32634,Tenmalai,12636.0,India,9.3129,77.4959
32638,Adukam,12633.0,India,9.7954,76.8456
32639,Kanniyambram,12633.0,India,10.7333,76.4
32645,Naduhatti,12628.0,India,11.4043,76.816
32652,Kadiyampatti,12625.0,India,11.872,78.0961
32657,Jalpura,12621.0,India,25.4862,84.737
32665,Motkur,12616.0,India,17.4569,79.2592
32668,Daipha,12615.0,India,25.1584,72.2444
32681,Chariyakulam,12609.0,India,9.6527,77.1226
32687,Kharak Kalan,12605.0,India,28.807,76.314
32690,Garh Sisai,12603.0,India,25.6253,85.7887
32691,Belagal,12603.0,India,15.8183,77.6702
32692,Muttanampalaiyam,12603.0,India,11.0845,77.3969
32699,Angadikkal Tekkekara,12600.0,India,9.2063,76.7835
32704,Hosir,12596.0,India,23.7735,85.8132
32706,Khagra,12595.0,India,25.3511,87.0624
32711,Minakshipuram,12592.0,India,9.8815,77.2747
32727,Mahuakheraganj,12584.0,India,29.13,78.92
32728,Koppal,12584.0,India,15.35,76.15
32738,Chandwa,12580.0,India,23.6756,84.7401
32748,Karedu,12573.0,India,15.1833,80.0667
32753,Āppukkudal,12569.0,India,11.4684,77.5766
32756,Tirukkattuppalli,12567.0,India,10.51,78.57
32775,Mandramo,12554.0,India,24.1822,85.8734
32779,Nohsa,12551.0,India,25.5653,85.0558
32780,Parasurampur,12551.0,India,14.2606,76.8826
32783,Pilich,12550.0,India,25.2379,85.3483
32784,Marikal,12550.0,India,16.602,77.7294
32787,Devapur,12549.0,India,19.0443,79.3499
32789,Osian,12548.0,India,26.7167,72.9167
32815,Nakhtarana,12534.0,India,23.35,69.2633
32821,Turki,12532.0,India,26.0294,86.0666
32822,Vandithavalam,12531.0,India,10.65,76.7583
32826,Betma,12529.0,India,22.68,75.62
32827,Mahrail,12529.0,India,26.2952,86.2763
32829,Mayamankurichchi,12528.0,India,8.8855,77.5041
32834,Hansot,12525.0,India,21.5833,72.8
32838,Tola Khadda,12522.0,India,26.7396,84.5014
32845,Nekaraje,12519.0,India,12.5431,75.0833
32846,Champadanga,12518.0,India,22.83,87.96
32847,Kewatgawan,12518.0,India,25.8012,86.3229
32864,Savalgi,12506.0,India,16.671,75.3515
32867,Pannaikkadu,12504.0,India,10.2761,77.6272
32870,Sattegalam,12503.0,India,12.15,77.1
32874,Dhanupra,12500.0,India,25.6992,86.4716
32879,Paithan Kawai,12497.0,India,26.1755,86.0685
32884,Coringa,12495.0,India,16.8,82.2333
32888,Zuvvaladinne,12492.0,India,14.808,80.0705
32889,Gosaingaon,12492.0,India,25.3724,87.1049
32900,Devsar,12488.0,India,28.76,76.087
32908,Vikasnagar,12485.0,India,30.468,77.774
32909,Ālwarkurichchi,12485.0,India,8.7838,77.3952
32912,Kotwapatti Rampur,12484.0,India,25.7153,84.8063
32920,Domahani,12480.0,India,23.7569,87.0256
32923,Thair,12479.0,India,18.3213,76.133
32925,Chabal Kalan,12477.0,India,31.4818,74.7927
32926,Tiruppalai,12477.0,India,9.9825,78.143
32928,Kathanian,12476.0,India,31.6373,74.7572
32934,Kuttiyeri,12473.0,India,12.0667,75.35
32935,Bheja,12471.0,India,26.1046,86.395
32936,Zaladanki,12471.0,India,14.8843,79.9125
32939,Ranranagudipeta,12468.0,India,12.6618,78.5483
32940,Lakshminarayanapuram,12467.0,India,11.7914,79.5555
32952,Patiram,12462.0,India,25.3167,88.75
32962,Guruvarajukuppam,12458.0,India,13.1125,79.5472
32979,Ahirauliya,12448.0,India,26.5091,84.7999
32981,Harrai,12447.0,India,22.6143,79.2221
32992,Bhanas Hivre,12443.0,India,19.4858,74.9664
32997,Hanumantanpatti,12439.0,India,9.7858,77.317
32999,Nelmadur,12438.0,India,9.51,78.3
33006,Kankon,12434.0,India,15.02,74.02
33009,Gohpur,12433.0,India,26.8818,93.6156
33012,Bandalli,12431.0,India,12.164,77.3504
33017,Kallupatti,12429.0,India,9.7167,77.8667
33020,Dhansura,12424.0,India,23.3492,73.2119
33027,Titara,12421.0,India,26.2311,84.2444
33035,Mallappulasseri,12416.0,India,9.3167,76.6833
33038,Baswariya,12413.0,India,26.2833,86.4667
33044,Hullatti,12408.0,India,11.4771,76.696
33053,Kolattur,12401.0,India,13.3295,79.4797
33057,Maraiyur,12399.0,India,10.2762,77.1615
33073,Ponnai,12394.0,India,13.1276,79.2575
33074,Buttayagudem,12394.0,India,17.2089,81.3014
33080,Payyanpalli,12391.0,India,11.8111,76.0556
33085,Kalingiyam,12389.0,India,11.4324,77.4178
33090,Kamtaul,12386.0,India,26.328,85.8238
33091,Ammavarikuppam,12386.0,India,13.1784,79.4169
33096,Chennampatti,12380.0,India,11.7011,77.6785
33099,Kallamalai,12379.0,India,11.0489,76.5691
33104,Attanur,12377.0,India,11.5006,78.1356
33106,Panjipara,12376.0,India,26.1369,88.0132
33108,Sher,12375.0,India,26.3422,84.621
33115,Arma,12372.0,India,25.1966,86.2468
33122,Olagadam,12368.0,India,11.5656,77.6428
33131,Allapalli,12363.0,India,19.43,80.06
33132,Dharhara,12363.0,India,25.2543,86.403
33138,Moka,12359.0,India,15.238,77.0599
33141,Ichora,12358.0,India,19.4333,78.4667
33155,Nitte,12354.0,India,13.1858,74.9394
33159,Tenambakkam,12351.0,India,12.8102,79.7341
33161,Dubak,12349.0,India,18.1744,78.6667
33170,Alampur,12342.0,India,26.0251,78.797
33178,Bandwar,12336.0,India,25.5093,86.1595
33192,Aphaur,12331.0,India,25.8828,84.7595
33196,Periyakoduveri,12330.0,India,11.4811,77.2989
33203,Kattukkottai,12324.0,India,11.6026,78.6698
33204,Desri,12324.0,India,25.6691,85.4082
33205,Navelim,12323.0,India,15.2564,73.9686
33213,Jankinagar,12319.0,India,25.8955,87.0668
33217,Dasraha Bhograjpur,12314.0,India,25.5691,85.6441
33222,Kozhinjampara,12311.0,India,10.7333,76.85
33223,Kotia,12311.0,India,26.275,86.0532
33232,Chettipulam,12306.0,India,10.4743,79.7546
33233,Pandalkudi,12306.0,India,9.3947,78.1051
33247,Paikpar,12299.0,India,26.0966,87.1349
33248,Kakching Khunou,12299.0,India,24.4047,93.8998
33255,Atmakur,12297.0,India,16.3364,77.8056
33262,Kot Shamir,12294.0,India,30.1096,75.0079
33269,Melavayi,12290.0,India,13.9397,77.2256
33271,Pebberu,12289.0,India,16.2167,77.9833
33278,Lodhikheda,12282.0,India,21.5824,78.8591
33279,Eraniel,12282.0,India,8.2059,77.3173
33288,Hathwan,12279.0,India,25.6672,86.3999
33295,Yenkuvarigudem,12277.0,India,17.2055,81.1598
33298,Kulattur,12276.0,India,10.7052,78.5507
33299,Baikunthpur,12276.0,India,24.7277,81.4098
33303,Polas,12274.0,India,18.83,78.97
33305,Sevur,12273.0,India,12.6865,79.2687
33313,Dagmara,12268.0,India,26.3953,86.7601
33317,Kamalnagar,12265.0,India,18.231,77.1791
33343,Paiker,12250.0,India,24.4388,87.9112
33344,Mekra,12250.0,India,25.4705,85.8406
33345,Mahespur,12250.0,India,24.6954,87.9414
33346,Khujner,12250.0,India,23.786,76.6177
33349,Eral,12248.0,India,8.6258,78.0228
33353,Saiyan,12247.0,India,26.9433,77.9419
33356,Kallanai,12245.0,India,10.0374,78.0829
33360,Doddanahalli,12243.0,India,12.3892,76.9672
33361,Manamodu,12243.0,India,11.1965,79.5953
33369,Neralakaje,12239.0,India,12.5884,75.0348
33370,Narala,12239.0,India,12.5884,75.0348
33387,Chamarru,12232.0,India,16.65,80.1333
33392,Bhachhi Asli,12228.0,India,26.0147,86.0444
33396,Karrapur,12227.0,India,23.9489,78.8658
33404,Dharmastala,12220.0,India,12.9479,75.3807
33406,Pathra,12219.0,India,24.8804,87.0447
33408,Puduvayal,12216.0,India,10.1034,78.8462
33413,Hanur,12213.0,India,12.0874,77.3021
33422,Chichli,12210.0,India,22.8336,78.8261
33424,Kumirimora,12208.0,India,22.6969,88.2267
33425,Ghogha,12208.0,India,21.68,72.28
33429,Lauriya Nandangarh,12207.0,India,26.9985,84.4085
33434,Kolanpak,12204.0,India,17.6942,79.0348
33439,Kottagudi Muttanad,12202.0,India,10.0133,77.0633
33445,Sabbavaram,12200.0,India,17.79,83.123
33446,Belwa,12200.0,India,26.1056,87.4916
33455,Loiyo,12198.0,India,23.7928,85.632
33461,Rudrur,12197.0,India,18.67,77.9
33463,Bukkapatnam,12196.0,India,14.2,77.8
33464,Mariyammanahalli,12195.0,India,15.16,76.36
33465,Doranda,12195.0,India,24.471,85.9449
33475,Namchi,12190.0,India,27.17,88.35
33479,Karimkunnum,12188.0,India,9.85,76.6833
33483,Saraiya,12186.0,India,25.6467,84.6312
33493,Kuttur,12179.0,India,10.5631,76.1951
33496,Bhaisalotan,12175.0,India,27.45,83.9167
33499,Uppukkottai,12173.0,India,9.9587,77.4105
33505,Ghoradal,12170.0,India,22.0519,88.3594
33512,Nemili,12166.0,India,12.9783,79.6172
33514,Bhankarpur,12165.0,India,30.65,76.82
33520,Matala,12162.0,India,17.8244,76.8591
33521,Kayattar,12162.0,India,8.9469,77.7714
33524,Kottaya,12161.0,India,10.7646,76.5452
33525,Vannivedu,12161.0,India,12.9173,79.353
33531,Kalli Pachchhim,12157.0,India,26.7167,80.9
33534,Gajhara,12153.0,India,26.5237,86.3715
33538,Morab,12151.0,India,15.5833,75.1667
33541,Samadh Bhai,12149.0,India,30.5985,75.1506
33546,Kesarimangalam,12144.0,India,11.5423,77.7247
33551,Panzgam,12141.0,India,34.484,74.0753
33556,Eklahra,12140.0,India,22.2036,78.6893
33557,Barsaun,12140.0,India,25.6316,84.4372
33558,Vandamettu,12138.0,India,9.7167,77.15
33562,Muthuswamipuram,12137.0,India,9.39,77.4887
33571,Mulug,12135.0,India,18.191,79.943
33580,Mangarwara,12129.0,India,26.0119,87.0854
33581,Pachchaimalaiyankottai,12129.0,India,10.2736,77.8794
33582,Mandu,12128.0,India,23.7946,85.4687
33587,Antri,12122.0,India,26.0581,78.21
33590,Velair,12121.0,India,18.0071,79.3272
33592,Kuzhippilli,12120.0,India,10.015,76.22
33604,Champahati,12111.0,India,22.4043,88.4937
33615,Ladol,12106.0,India,23.6167,72.7333
33616,Pulakurti,12105.0,India,15.7502,77.7091
33617,Sonupur,12105.0,India,25.8,86.0253
33618,Punnila,12104.0,India,9.0842,76.9175
33619,Yedtare,12104.0,India,13.9246,74.6171
33621,Bharweli,12103.0,India,21.8373,80.2271
33625,Datoda,12101.0,India,22.5713,75.8823
33629,Manegaon,12100.0,India,23.2062,80.0123
33640,Kirippatti,12096.0,India,11.5357,78.4897
33643,Bhairapura,12095.0,India,12.2119,76.8953
33644,Anndevarapeta,12093.0,India,17.0937,81.5799
33647,Pillanallur,12092.0,India,11.4322,78.1334
33656,Narhat,12088.0,India,24.7774,85.4237
33664,Papampeta,12084.0,India,14.6855,77.578
33665,Ganapatipalaiyam,12084.0,India,11.0309,77.3367
33671,Mugalivakkam,12083.0,India,13.0205,80.1653
33672,Kodusseri,12083.0,India,10.3431,76.3931
33673,Birdaban,12083.0,India,26.4012,84.9934
33678,Rampur Kudarkatti,12080.0,India,26.0672,87.4795
33679,Nihal Singhwala,12080.0,India,30.5919,75.2804
33682,Viswanathaperi,12079.0,India,9.3359,77.45
33683,Bhagwanpur Desua,12079.0,India,25.8124,85.8382
33696,Kesabpur,12073.0,India,22.6196,88.2075
33702,Dhaula,12071.0,India,30.2856,75.4602
33717,Bishnah,12063.0,India,32.6106,74.8556
33720,Bharokhara,12062.0,India,25.8655,85.6834
33721,Pharkia,12062.0,India,25.9384,87.4034
33731,Nattarampalli,12056.0,India,12.592,78.5116
33732,Trimbak,12056.0,India,19.93,73.53
33736,Chalgeri,12054.0,India,14.5652,75.7166
33741,Bangawan,12051.0,India,26.0427,87.4202
33743,Goner,12049.0,India,26.7795,75.9123
33751,Sarmastpur,12043.0,India,25.949,85.5751
33752,Vilangurichchi,12043.0,India,11.0709,77.0178
33758,Manne Ekeli,12039.0,India,17.72,77.36
33759,Bagra,12039.0,India,25.2,72.5833
33762,Pittalavanipalem,12036.0,India,15.9686,80.6054
33768,Karvetnagar,12031.0,India,13.4167,79.45
33769,Paramanandal,12031.0,India,12.3585,78.7664
33775,Edamon,12029.0,India,9.0,76.9667
33783,Gulni,12026.0,India,24.9309,85.803
33787,Chudamani,12023.0,India,21.1379,86.7794
33790,Utehia,12022.0,India,26.4484,81.3651
33794,Kumarkhali,12021.0,India,22.3598,88.799
33801,Velivennu,12018.0,India,16.5034,81.4116
33804,Balha,12015.0,India,25.5468,86.5683
33806,Sahtah,12012.0,India,25.8567,85.2407
33809,Kulasekarapatnam,12010.0,India,8.4,78.05
33821,Singhbari,12003.0,India,25.3761,87.9485
33822,Viyapuram,12003.0,India,9.3167,76.4667
33825,Basantpur,12002.0,India,26.1331,87.4656
33836,Huvin Hippargi,12000.0,India,16.59,75.96
33837,Tarhala,12000.0,India,20.3936,77.2959
33838,Pinneli,12000.0,India,16.5689,79.8334
33839,Dahivel,12000.0,India,21.0667,74.1667
33840,Jai,12000.0,India,28.9833,77.9333
33841,Sadalgi,12000.0,India,16.42,74.58
33842,Halgar,12000.0,India,18.0958,76.8881
33843,Arni ka Khera,12000.0,India,24.9,74.33
33844,Khanda,12000.0,India,28.9167,76.8833
33891,Ārutla,11997.0,India,17.1346,78.7574
33892,Talen,11997.0,India,23.5695,76.7282
33899,Doranala,11993.0,India,15.9,79.1
33901,Mugdampalli,11992.0,India,17.6167,77.4974
33912,Husepur,11986.0,India,26.4609,84.1699
33913,Tundhul,11985.0,India,23.3247,85.2447
33917,Kaviti,11984.0,India,19.0167,84.6833
33922,Pata Putrela,11981.0,India,17.0173,80.7137
33930,Siruvachchur,11976.0,India,11.638,78.7557
33931,Minnal,11976.0,India,13.0744,79.559
33935,Rasingapuram,11973.0,India,9.9448,77.3362
33936,Hathauri,11973.0,India,25.9593,85.9747
33938,Marauatpur,11971.0,India,25.6165,85.4685
33946,Malthone,11968.0,India,24.3055,78.5283
33950,Tetagunta,11967.0,India,17.314,82.443
33952,Taran,11965.0,India,26.157,87.543
33959,Saksohara,11961.0,India,25.3635,85.7013
33962,Viralippatti,11960.0,India,10.1081,77.7257
33963,Awankh,11959.0,India,32.1392,75.4611
33968,Karaund,11957.0,India,25.9741,86.2343
33969,Adalaj,11957.0,India,23.17,72.58
33973,Pudur,11956.0,India,11.2947,77.7467
33975,Noria,11955.0,India,32.521,74.7984
33976,Vijayapati,11955.0,India,8.1913,77.7476
33981,Jadayampalaiyam,11952.0,India,11.293,76.9495
33983,Sondho Dullah,11951.0,India,25.9016,85.3569
33984,Konaje,11951.0,India,12.8162,74.9021
33988,Amarapuuram,11950.0,India,14.1333,76.9833
33994,Umri,11947.0,India,26.5106,78.9367
33999,Khem Karan,11938.0,India,31.145,74.545
34009,Parappukara,11932.0,India,10.4064,76.2657
34013,Dhanauri,11929.0,India,29.7833,76.1833
34017,Chaital,11927.0,India,22.5106,88.7996
34021,Pedda Adsarlapalli,11925.0,India,16.7086,79.0286
34024,Mullurkara,11922.0,India,10.7,76.2667
34032,Mandasa,11918.0,India,18.8683,84.463
34034,Bilauri,11916.0,India,25.7703,87.5163
34035,Hatod,11916.0,India,22.7938,75.7393
34038,Paramankurichi,11913.0,India,8.4785,78.0465
34040,Edattala,11912.0,India,9.8678,76.4361
34045,Bairo,11910.0,India,26.0144,86.51
34049,Kotla,11909.0,India,32.7522,74.747
34051,Tanakallu,11908.0,India,13.92,78.18
34053,Kirikera,11907.0,India,13.769,77.4841
34054,Mamarappatti,11907.0,India,11.4845,78.0374
34058,Chandpura,11905.0,India,25.4966,86.2104
34065,Ambatturai,11902.0,India,10.2603,77.9303
34071,Ajjanahalli,11899.0,India,12.0376,77.8138
34072,Chinna Orampadu,11899.0,India,14.0613,79.2671
34074,Bhansia,11898.0,India,26.0992,87.5316
34077,Enamadala,11897.0,India,16.2281,80.3306
34081,Gundugolanu,11895.0,India,16.7833,81.2333
34087,Shamshernagar,11890.0,India,25.0796,84.454
34088,Pakra,11889.0,India,25.3711,87.0807
34098,Mayiladi,11881.0,India,8.155,77.5056
34103,Mangalampudur,11879.0,India,10.8167,76.65
34105,Kamlapur,11878.0,India,17.5786,76.9887
34106,Puliyampatti,11878.0,India,11.6653,77.8041
34119,Mehsari,11869.0,India,25.7554,85.8477
34126,Rudrangi,11866.0,India,18.6262,78.7022
34139,Meral,11861.0,India,24.1876,83.7076
34141,Malar,11860.0,India,26.2237,86.6909
34157,Khajuri,11854.0,India,25.9144,86.6772
34163,Chainpur,11852.0,India,25.0345,83.5066
34168,Āvadattur,11848.0,India,11.7014,77.8638
34174,Pedda Vegi,11846.0,India,16.7708,81.1039
34175,Denduluru,11846.0,India,16.4527,81.0951
34185,Vellallur,11842.0,India,8.7639,76.8345
34189,Bibipet,11840.0,India,18.2101,78.5221
34193,Kalipatnam,11839.0,India,16.3904,81.5295
34198,Angalakurichchi,11837.0,India,10.5282,76.9962
34200,Chero,11836.0,India,25.2463,85.8169
34203,Lahra Muhabbat,11835.0,India,30.2421,75.1666
34204,Guabari,11835.0,India,26.2262,87.9181
34205,Itamati,11835.0,India,20.1333,85.15
34206,Sirsia Hanumanganj,11835.0,India,26.1381,87.1133
34209,Bataredh,11833.0,India,26.425,84.6061
34216,Premnagar,11830.0,India,30.3331,77.9608
34222,Korahia,11828.0,India,26.5325,86.1552
34226,Rasulpur,11825.0,India,25.9938,85.8935
34240,Barokhar,11815.0,India,24.9167,81.9667
34242,Wargal,11814.0,India,17.7751,78.6181
34248,Tikar,11812.0,India,24.4194,81.3776
34249,Holalu,11812.0,India,14.8406,75.7144
34265,Kakalur,11803.0,India,13.1394,79.9287
34266,Thogapalle,11802.0,India,17.1279,80.6355
34276,Beladi,11798.0,India,13.1464,74.9399
34290,Srirampuram,11791.0,India,10.4346,77.8075
34299,Biknur,11787.0,India,18.215,78.4367
34306,Vegarai,11784.0,India,11.0903,77.9679
34307,Roda,11784.0,India,30.682,75.0195
34325,Sahasmal,11775.0,India,26.2461,87.4983
34326,Khansahibpuram,11774.0,India,9.6304,77.6028
34339,Sipalakottai,11767.0,India,9.8493,77.4517
34340,Kotha Guru,11767.0,India,30.4419,75.0948
34351,Owk,11760.0,India,15.2167,78.1167
34355,Jaitwar,11758.0,India,24.732,80.8602
34356,Kornepadu,11758.0,India,16.2444,80.3857
34359,Annakattumula,11757.0,India,9.8575,76.4009
34360,Pastpar,11757.0,India,25.8275,86.8327
34362,Sher Muhammadpuram,11756.0,India,18.2997,83.8331
34371,Agadi,11751.0,India,14.819,75.469
34373,Rajaram,11750.0,India,18.987,79.0844
34374,Tiruvadanai,11750.0,India,9.7841,78.9172
34375,Samalpatti,11750.0,India,12.3167,78.5
34377,Padinjaremuri,11749.0,India,10.2661,76.1461
34378,Murukondapadu,11749.0,India,15.9174,80.4131
34379,Abhia,11748.0,India,25.3499,87.1427
34382,Chinaval,11747.0,India,21.1964,75.9261
34386,Konand,11745.0,India,25.1729,85.6842
34400,Chaltabaria,11738.0,India,22.2347,88.5014
34403,Vengavasal,11737.0,India,12.8991,80.169
34407,Chintapalle,11734.0,India,16.8936,80.1387
34411,Dinara,11733.0,India,25.247,84.063
34419,Hardiya,11729.0,India,26.9443,84.8542
34428,Cossimbazar,11724.0,India,24.12,88.28
34431,Baghauni,11722.0,India,25.9338,86.0594
34435,Nellipoyil,11721.0,India,11.4403,76.0406
34440,Chundal,11719.0,India,10.6175,76.0947
34444,Auta,11716.0,India,25.3882,85.9558
34450,Nandimandalam,11711.0,India,14.4052,78.5246
34455,Sindalakkundu,11707.0,India,10.3665,77.9046
34460,Bithan,11704.0,India,25.6954,86.2789
34463,Semri,11703.0,India,25.3404,84.197
34465,Rattihalli,11702.0,India,14.4167,75.5
34467,Chakai,11700.0,India,26.0884,87.6154
34470,Sengurichchi,11697.0,India,10.3756,78.1658
34472,Ūjhana,11696.0,India,29.7155,76.1341
34474,Olhanpur,11695.0,India,25.8855,84.8186
34477,Tibbar,11692.0,India,31.9697,75.4159
34479,Vellar,11691.0,India,11.8938,77.9698
34487,Barkagaon,11689.0,India,23.8553,85.215
34496,Mallikkundam,11684.0,India,11.8715,77.9227
34497,Malial,11684.0,India,18.7,78.9667
34504,Venkidanga,11680.0,India,10.5167,76.0833
34505,Tirodi,11680.0,India,21.6852,79.7191
34508,Sothgaon,11678.0,India,26.6046,85.9473
34513,Vilandai,11675.0,India,11.3267,79.3856
34515,Bokakhat,11674.0,India,26.6402,93.6005
34524,Talakad,11671.0,India,12.1887,77.0289
34528,Kautalam,11670.0,India,15.7711,77.1239
34532,Nellipaka,11668.0,India,17.7679,80.8567
34533,Keolari,11668.0,India,22.3697,79.906
34534,Karanchedu,11667.0,India,15.8823,80.317
34535,Bayyanagudem,11666.0,India,17.125,81.3628
34536,Elavalli,11665.0,India,10.5667,76.0833
34537,Chittattukara,11665.0,India,10.5667,76.0833
34540,Narasapuram,11663.0,India,17.1016,81.0765
34549,Bagaura,11658.0,India,26.0388,84.4624
34553,Bhainsahi,11656.0,India,26.4404,84.5443
34554,Allur,11656.0,India,14.68,80.06
34560,Nandavaram,11651.0,India,15.8535,77.4843
34561,Panamaram,11651.0,India,11.739,76.073
34563,Sukurhutu,11650.0,India,23.4433,85.2917
34565,Lakri,11647.0,India,26.2323,84.6933
34568,Samesi,11646.0,India,26.6145,81.1017
34575,Kattakampala,11642.0,India,10.6833,76.0333
34576,Isapur,11642.0,India,25.4122,86.9893
34585,Kizhakkanela,11638.0,India,8.652,76.8701
34590,Dhanaura,11637.0,India,25.1905,87.2595
34591,Kunkalagunta,11637.0,India,16.2969,79.8866
34594,Sonada,11635.0,India,26.962,88.2684
34598,Karmauli,11634.0,India,26.4502,86.1033
34599,Siur,11634.0,India,24.8166,85.6728
34612,Dammapeta,11629.0,India,17.2667,81.0167
34619,Pongode,11626.0,India,16.9246,79.7343
34620,Kallakkudi,11625.0,India,10.9767,78.9525
34624,Nawa Nagar Nizamat,11621.0,India,26.2895,84.9351
34632,Mahta,11617.0,India,31.6647,75.2509
34637,Kotra,11615.0,India,22.7062,88.5411
34639,Baghambarpur,11614.0,India,26.8075,84.4059
34649,Betmangala,11606.0,India,13.0085,78.3282
34656,Rayavaram,11604.0,India,17.3608,81.753
34661,Sewai,11601.0,India,23.6175,85.6783
34662,Kolnad,11601.0,India,12.9,75.03
34667,Devipattinam,11599.0,India,9.477,78.8961
34669,Āduru,11598.0,India,12.5583,75.1357
34673,Renapur,11596.0,India,18.5167,76.6
34677,Guraahai,11594.0,India,33.6449,74.2301
34680,Halsur,11593.0,India,18.0176,77.0098
34681,Ankli,11593.0,India,16.42,74.58
34695,Khimlasa,11585.0,India,24.2058,78.3639
34696,Morur,11585.0,India,11.4221,77.8743
34700,Vadakkumbagam,11584.0,India,10.1487,76.4159
34702,Kurabalakota,11583.0,India,13.65,78.4833
34705,Yercaud,11582.0,India,11.7794,78.2034
34715,Gopalapuram,11573.0,India,17.1007,81.5406
34716,Naigarhi,11572.0,India,24.7869,81.7787
34717,Jethuli,11572.0,India,25.5378,85.2841
34719,Bahadarpur,11571.0,India,21.2922,76.1806
34720,Pettaivayttalai,11571.0,India,10.9014,78.494
34722,Jidigunta,11570.0,India,16.9098,81.8553
34738,Ghal Kalan,11563.0,India,30.8189,75.1063
34739,Kushmanchi,11563.0,India,17.2263,79.9668
34748,Sathmalpur,11559.0,India,25.8749,85.8567
34749,Khandpara,11559.0,India,20.2644,85.1767
34755,Gulgam,11556.0,India,34.55,74.2173
34758,Leama,11553.0,India,26.214,85.998
34762,Perumbakkam,11551.0,India,13.0133,80.143
34763,Tadapurambakkam,11551.0,India,13.3205,80.1959
34766,Krosuru,11549.0,India,16.55,80.1331
34772,Patera,11546.0,India,23.996,79.6837
34774,Ghambiraopet,11545.0,India,18.3,78.5833
34779,Chintalavadi,11540.0,India,10.9511,78.3158
34781,Labbaikkudikkadu,11538.0,India,11.3922,79.0218
34783,Dharmaram,11537.0,India,18.736,79.2194
34784,Mangalkot,11537.0,India,23.5252,87.9034
34795,Nalwar,11533.0,India,16.9436,76.9919
34798,Kantilo,11530.0,India,20.3615,85.1921
34800,Doda,11529.0,India,30.3844,74.6394
34804,Sunkarevu,11528.0,India,16.39,81.85
34805,Bahagalpur,11528.0,India,24.5934,87.9536
34806,Ichhapur,11528.0,India,21.1551,76.1556
34808,Moparipalaiyam,11526.0,India,11.1332,77.147
34810,Nandipeta,11525.0,India,18.9622,78.1772
34813,Budha Theh,11524.0,India,31.5177,75.3009
34814,Golet,11524.0,India,19.239,79.3891
34816,Nidamangalam,11523.0,India,10.772,79.4167
34818,Sahri,11522.0,India,25.4721,85.7277
34819,Ingurti,11522.0,India,17.6695,79.8003
34824,Doddappanayakkanur,11520.0,India,9.981,77.734
34825,Shahpur Baghauni,11520.0,India,25.8831,85.6859
34832,Kundurpi,11516.0,India,14.2833,77.0333
34833,Raun,11515.0,India,25.6462,86.3869
34837,Desanagi,11513.0,India,16.92,76.24
34838,Mirik,11513.0,India,26.887,88.187
34844,Orchha,11511.0,India,25.35,78.64
34851,Pakkam,11509.0,India,13.1436,80.028
34852,Piprahi,11509.0,India,26.5871,86.3773
34878,Baruari,11495.0,India,26.0305,86.5965
34892,Sathiala,11486.0,India,31.555,75.2656
34897,Bank,11484.0,India,24.9539,84.1928
34901,Peringottukurusshi,11482.0,India,10.7536,76.4883
34903,Gaurihar Khaliqnagar,11481.0,India,25.9356,85.4671
34904,Fatehpur Shahbaz,11480.0,India,25.5698,85.3437
34908,Jamsaut,11478.0,India,25.61,85.0148
34909,Panapur Langa,11478.0,India,25.723,85.2878
34913,Satyavedu,11474.0,India,13.437,79.956
34917,Kavaratti,11473.0,India,10.5626,72.6369
34919,Vengikkal,11472.0,India,12.2642,79.0675
34928,Kari,11469.0,India,24.8368,78.8665
34929,Arasur,11469.0,India,11.0866,77.1146
34930,Rupenaguntla,11469.0,India,16.3043,79.9991
34931,Shanmukhasundarapuram,11469.0,India,10.0065,77.5982
34939,Bhabanipur,11465.0,India,24.7153,87.9227
34945,Loran,11461.0,India,33.8346,74.3312
34946,Ninga,11461.0,India,25.4616,86.0757
34947,Kalakada,11461.0,India,13.8167,78.8
34949,Rengali,11460.0,India,21.646,84.0531
34952,Khangaon,11456.0,India,25.5146,84.7528
34954,Maruttuvakkudi,11455.0,India,11.0153,79.4819
34955,Buram,11455.0,India,25.9739,86.3196
34965,Chakwai,11451.0,India,25.0543,85.662
34972,Chitauria,11447.0,India,25.4869,87.5511
34974,Madakai,11446.0,India,12.3278,75.15
34976,Odatturai,11445.0,India,11.4577,77.515
34978,Baroni Khurd,11444.0,India,25.6852,78.3746
34999,Barahkurwa,11433.0,India,26.146,86.9237
35001,Gandhari,11432.0,India,18.3932,78.1174
35014,Kumari,11425.0,India,25.6564,87.7112
35020,Pallipattu,11423.0,India,13.3361,79.4413
35029,Kinattukkadavu,11419.0,India,10.8225,77.0196
35030,Kondhali,11418.0,India,21.1383,78.6408
35035,Naliya,11415.0,India,23.2611,68.8267
35040,Mahagama,11412.0,India,25.0342,87.3187
35045,Pothia,11411.0,India,25.5413,87.2637
35046,Senduria,11411.0,India,26.7469,84.6754
35047,Raibari Mahuawa,11411.0,India,27.098,84.2963
35060,Lopon,11406.0,India,30.6715,75.3438
35061,Prataparampuram,11406.0,India,10.6741,79.8512
35085,Gundrajukuppam,11395.0,India,13.3406,79.5687
35094,Yalluru,11390.0,India,15.3063,78.4559
35101,Simrahi,11388.0,India,26.3135,86.8454
35107,Falimari,11385.0,India,26.3856,89.8233
35111,Anjuna,11383.0,India,15.5833,73.7333
35114,Konakondla,11382.0,India,15.1053,77.364
35118,Samayanallur,11381.0,India,9.9792,78.0359
35119,Halavagalu,11381.0,India,14.7083,75.7753
35123,Baghmaria,11380.0,India,26.44,86.43
35124,Harji,11380.0,India,25.3,72.85
35125,Bind,11379.0,India,25.3035,85.6869
35130,Sarjapur,11378.0,India,12.86,77.786
35132,Salamedu,11377.0,India,11.9088,79.4919
35133,Pir Maker,11377.0,India,25.9622,85.0257
35139,Bansbari,11374.0,India,26.1934,87.4498
35140,Uchchangidurgam,11373.0,India,14.5614,76.0537
35151,Bhagwatpur,11369.0,India,25.7484,85.7016
35152,Biddupur,11369.0,India,25.6464,85.3203
35160,Parora,11366.0,India,25.8022,87.4032
35162,Baghra,11365.0,India,25.5597,85.5841
35163,Ātharga,11365.0,India,16.9875,75.8863
35166,Arumbakkam,11363.0,India,13.5427,80.069
35167,Meghraj,11363.0,India,23.5,73.5
35168,Jamhor,11362.0,India,24.8486,84.3258
35169,Pachahi,11362.0,India,26.1932,86.3597
35170,Manpaur,11361.0,India,26.5081,85.9478
35175,Phulparas,11358.0,India,26.3549,86.4908
35176,Manappakkam,11358.0,India,13.0108,80.1686
35177,Kalinagar,11358.0,India,22.4383,88.115
35179,Parvatgiri,11355.0,India,17.7417,79.7264
35180,Perampuzha,11355.0,India,12.1343,75.3006
35182,Bargaon,11354.0,India,25.3455,84.6607
35195,Nalambur,11344.0,India,13.0867,80.1703
35196,Cherlagandlapalem,11342.0,India,16.0069,80.6117
35203,Kurgunta,11337.0,India,17.2,77.36
35206,Dharmaj,11334.0,India,22.4167,72.8
35215,Natshal,11331.0,India,22.1957,88.0272
35218,Papireddippatti,11329.0,India,11.914,78.3675
35221,Tiruvennanallur,11328.0,India,11.8589,79.3664
35223,Mashyal,11326.0,India,17.3226,76.2407
35227,Barigarh,11324.0,India,25.2325,80.0347
35235,Masinigudi,11321.0,India,11.5683,76.6409
35238,Varadarajampettai,11319.0,India,11.3553,79.4186
35254,Tazhakudi,11309.0,India,8.2348,77.4533
35257,Edasseri,11308.0,India,8.6654,76.8459
35266,Ikhlaspur,11301.0,India,25.0589,83.6083
35268,Periya Soragai,11299.0,India,11.7394,77.917
35279,Singura,11293.0,India,24.7928,92.951
35282,Panpuli,11289.0,India,9.0214,77.2502
35288,Tikota,11284.0,India,16.76,75.62
35301,Pipariya,11275.0,India,25.2593,86.1149
35302,Somavarappatti,11275.0,India,10.6779,77.2131
35304,Kanhaipur,11274.0,India,25.4542,85.8396
35309,Bhilavadi,11273.0,India,16.8586,74.3317
35311,Iskapalem,11272.0,India,14.5416,79.8925
35319,Sinor,11267.0,India,22.0,73.3
35320,Asthal Bohar,11267.0,India,28.873,76.642
35323,Samahuta,11266.0,India,25.8542,84.6614
35325,Banavar,11265.0,India,13.4167,76.1667
35331,Sirpanandal,11263.0,India,11.9741,79.0428
35335,Bara Belun,11261.0,India,23.4007,87.9733
35347,Tamba,11258.0,India,17.0001,75.9934
35348,Datiana,11258.0,India,25.4834,84.8628
35349,Kovurupalli,11258.0,India,14.7772,79.9999
35354,Jadopur Shukul,11254.0,India,26.525,84.4341
35356,Narayanavanam,11253.0,India,13.42,79.58
35362,Deodha,11251.0,India,25.7815,86.1346
35374,Malkanur,11247.0,India,18.0821,79.3628
35378,Sahsaul,11245.0,India,25.7024,86.7758
35381,Makhmalpur,11243.0,India,25.287,87.5469
35384,Eranapuram,11242.0,India,11.5581,77.9893
35391,Chintakunta,11239.0,India,14.6476,78.469
35392,Bramhabarada,11239.0,India,20.6683,86.0747
35393,Bardiha Turki,11239.0,India,25.8059,85.5441
35396,Attippattu,11237.0,India,13.2633,80.2911
35397,Gethaura,11237.0,India,25.6879,87.7092
35398,Kishunpur,11237.0,India,25.3272,87.7173
35405,Khera Kalan,11234.0,India,28.7781,77.0988
35410,Bora,11233.0,India,23.6585,76.8112
35421,Rahiar Kunchi,11227.0,India,25.8627,86.0924
35425,Amarchinta,11225.0,India,16.374,77.7729
35426,Jagdishpur,11225.0,India,26.1526,86.1146
35432,Belauncha,11222.0,India,26.2124,86.3554
35438,Amala,11218.0,India,9.859,76.8112
35451,Mannarai,11214.0,India,11.1172,77.3726
35455,Dhakaich,11213.0,India,25.5835,84.1886
35456,Talupula,11213.0,India,14.25,78.2667
35459,Ranti,11212.0,India,26.3519,86.0932
35466,Khargram,11209.0,India,24.0343,87.9853
35470,Tittachcheri,11206.0,India,10.8674,79.7893
35471,Kummarapurugupalem,11206.0,India,16.3653,81.6192
35473,Lathasepura,11205.0,India,25.8131,85.718
35478,Laukaria,11202.0,India,26.7184,84.4242
35481,Budili,11200.0,India,13.9353,77.7355
35486,Namli,11198.0,India,23.4612,75.0604
35487,Kalasa,11198.0,India,13.234,75.3553
35499,Sirgora,11194.0,India,22.2063,78.8832
35502,Chikni,11193.0,India,26.0075,86.7032
35516,Guntupalle,11187.0,India,16.568,80.548
35517,Damonojodi,11187.0,India,18.7632,82.9194
35518,Ārambakkam,11187.0,India,13.5258,80.071
35524,Bucheya,11184.0,India,26.3421,84.6642
35525,Barka Gaon,11184.0,India,26.144,84.6598
35526,Madala,11184.0,India,16.3715,80.1198
35532,Parbata,11181.0,India,25.3164,86.72
35533,Malkhaid,11180.0,India,17.195,77.1608
35537,Pungulam,11179.0,India,12.5727,78.753
35538,Harsinghpur,11179.0,India,26.0504,86.218
35539,Kawadgaon,11179.0,India,17.91,77.53
35541,Chikkarampalaiyam,11177.0,India,11.2416,76.9854
35558,Potukonda,11169.0,India,17.2708,81.754
35563,Nagalapuram,11166.0,India,13.3889,79.7967
35565,Rasaunk,11165.0,India,25.5537,86.5117
35568,Palukudoddi,11164.0,India,15.8504,77.6753
35574,Kumbadaje,11161.0,India,12.5667,75.1
35596,Bhandarso,11151.0,India,26.178,86.1415
35601,Somnaha,11147.0,India,25.9518,85.7042
35609,Sihaul,11143.0,India,25.9405,86.512
35610,Sonbari,11143.0,India,24.2286,80.7902
35612,Okhargara,11142.0,India,24.2141,83.7856
35613,Mayureswar,11142.0,India,23.9908,87.7647
35615,Atru,11141.0,India,24.81,76.63
35619,Olaippatti,11140.0,India,11.7676,77.9927
35625,Saadatpur Aguani,11138.0,India,25.283,86.7412
35628,Banagi,11137.0,India,13.61,75.53
35629,Balehonnur,11137.0,India,13.35,75.46
35631,Pongalur,11136.0,India,10.9654,77.372
35632,Kilkottai,11136.0,India,10.2861,77.916
35634,Kanamadi,11135.0,India,16.9291,75.3807
35635,Udawantnagar,11135.0,India,25.5054,84.6216
35637,Murapaka,11134.0,India,18.2282,83.7926
35640,Achankovil,11133.0,India,8.9667,77.1431
35642,Sheron,11132.0,India,30.1582,75.7178
35644,Kowdalli,11131.0,India,12.067,77.4438
35647,Kumharsan,11130.0,India,25.6421,86.1971
35655,Panhar,11128.0,India,25.0936,85.2176
35660,Raksaha,11125.0,India,25.4444,83.6873
35665,Kachnar,11123.0,India,25.9699,84.3589
35666,Mortad,11123.0,India,18.8167,78.4833
35675,Nawalpur,11121.0,India,26.9366,84.2985
35688,Kattupputtur,11115.0,India,10.9833,78.2333
35690,Phulgachhi,11113.0,India,26.3653,87.9399
35694,Ikkadu,11109.0,India,13.1724,79.9358
35716,Hatwans,11102.0,India,22.7683,78.3464
35727,Nagojanahalli,11099.0,India,12.357,78.2886
35729,Duggirala,11098.0,India,16.3271,80.628
35734,Yargatti,11095.0,India,15.9667,75.0167
35738,Bhattiprolu,11092.0,India,16.1026,80.7807
35744,Terku Valliyur,11090.0,India,8.357,77.6087
35760,Ramanayakkanpalaiyam,11082.0,India,11.6291,78.5624
35762,Pata Ellamilli,11081.0,India,16.8473,81.4884
35770,Basaithi,11076.0,India,26.0284,87.3329
35773,Lalsaraia,11073.0,India,26.7388,84.6607
35774,Dayalpur,11073.0,India,26.0511,84.5968
35775,Karebilachi,11073.0,India,14.1449,75.9032
35782,Hebri,11071.0,India,13.4667,74.9833
35783,Elchuru,11070.0,India,16.0813,79.9269
35797,Shamunpet,11065.0,India,17.9472,79.6014
35798,Kaniyambadi,11064.0,India,12.8118,79.134
35803,Penagam,11063.0,India,10.4522,76.0972
35809,Dalippur,11058.0,India,25.4222,84.3933
35811,Hathidah Buzurg,11057.0,India,25.3716,85.9857
35812,Bangramanjeshvara,11057.0,India,12.6833,75.0
35814,Devanakavundanur,11056.0,India,11.5048,77.8383
35818,Shankarpalli,11055.0,India,17.4523,78.131
35821,Chhabila,11054.0,India,26.2556,85.9933
35822,Kadur Sahib,11054.0,India,31.4239,75.0977
35827,Pharaha,11052.0,India,24.8522,85.5471
35841,Kisara,11048.0,India,17.5233,78.6677
35842,Madhopur,11047.0,India,26.34,84.45
35846,Mukasi Pidariyur,11045.0,India,11.2069,77.5922
35849,Puliyara,11043.0,India,9.0041,77.1889
35857,Sankhavaram,11039.0,India,17.2704,82.3445
35858,Sakkamapatti,11039.0,India,9.925,77.6039
35859,Konen Agrahar,11038.0,India,12.9582,77.6619
35867,Koch,11035.0,India,24.9259,84.7724
35868,Perali,11035.0,India,15.886,80.547
35875,Kenduadih,11033.0,India,23.7757,86.3761
35876,Murgod,11033.0,India,15.78,75.12
35878,Tonse West,11032.0,India,13.3968,74.7069
35879,Delvada,11032.0,India,20.7759,71.0465
35889,Tekkumbagam,11026.0,India,10.119,76.418
35894,Amha,11024.0,India,26.0518,86.6906
35897,Kongupatti,11023.0,India,11.8593,78.0217
35898,Tirumayam,11022.0,India,10.2449,78.7464
35911,Allahdurg,11018.0,India,17.9667,77.9167
35925,Sarauni Kalan,11011.0,India,25.7579,86.9392
35937,Walur,11008.0,India,19.4872,76.5561
35941,Chinna Annaluru,11006.0,India,14.8913,79.6761
35946,Chauki,11002.0,India,25.4573,86.4018
35951,Chauke,11000.0,India,30.1844,75.3364
35998,Edlapadu,10996.0,India,16.1007,80.1339
35999,Bagnan,10996.0,India,22.47,87.97
36000,Jagannathpur,10996.0,India,25.6573,87.5886
36002,Patori,10995.0,India,25.9665,86.5471
36003,Vengapalli,10995.0,India,11.6333,76.0167
36009,Dhilwan Kalan,10991.0,India,30.5718,74.8655
36020,Bardipuram,10987.0,India,18.6431,78.1584
36021,Mansinghpur Bijrauli,10987.0,India,25.7552,85.5099
36030,Nagar Nahusa,10983.0,India,25.3959,85.3431
36032,Honwada,10981.0,India,16.8111,77.9199
36039,Paura Madan Singh,10978.0,India,25.7917,85.2333
36042,Singoli,10977.0,India,24.9667,75.3
36047,Yelpur,10975.0,India,18.7651,78.3953
36058,Punjai Turaiyampalaiyam,10971.0,India,11.5142,77.4234
36061,Mallagunta,10969.0,India,12.6343,78.5194
36062,Takha,10969.0,India,26.82,79.3
36066,Bawali,10968.0,India,22.4041,88.1852
36070,Champua,10967.0,India,22.0667,85.6658
36074,Bhangha,10966.0,India,25.578,87.2782
36081,Ramabhadrapuram,10962.0,India,18.5,83.2833
36083,Vengur,10961.0,India,10.1413,76.5495
36084,Masakkavundanchettipalaiyam,10961.0,India,11.1473,77.0756
36087,Memunda,10960.0,India,11.6006,75.6339
36106,Tirupporur,10954.0,India,12.7259,80.1895
36114,Bishunpur Hakimabad,10950.0,India,25.8453,85.8432
36115,Palsud,10950.0,India,21.8262,74.9691
36117,Devgeri,10949.0,India,14.8512,75.3705
36118,Satai,10949.0,India,24.722,79.631
36120,Ūttukkuli,10948.0,India,11.1689,77.4543
36121,Mahmuda,10948.0,India,25.0531,85.2662
36124,Nao Kothi,10946.0,India,25.5196,86.1954
36127,Vadamugam Vellodu,10945.0,India,11.2366,77.6617
36128,Pottireddippatti,10945.0,India,11.1659,78.2708
36130,Nallamada,10944.0,India,14.2164,77.9944
36138,Kalavapudi,10941.0,India,16.4623,81.3887
36144,Pedappai,10936.0,India,12.8854,80.022
36145,Nadendla,10935.0,India,16.175,80.1861
36152,Kabirpur,10933.0,India,26.2661,84.205
36156,Kaniyur,10930.0,India,11.093,77.156
36159,Chaoke,10929.0,India,30.1847,75.3362
36163,Swarna,10928.0,India,15.8542,80.2858
36165,Karakthal,10927.0,India,23.2001,71.7271
36168,Sisia,10925.0,India,25.4539,87.4549
36171,Chinnatadagam,10924.0,India,11.0816,76.8674
36172,Bariarpur Kandh,10924.0,India,25.9391,85.4674
36174,Basbiti,10923.0,India,26.0939,86.5289
36175,Madna,10923.0,India,26.3963,86.3884
36177,Kuttappatti,10920.0,India,11.7939,77.9225
36186,Sontha,10917.0,India,26.1861,87.7766
36192,Arniya,10913.0,India,25.715,85.5448
36209,Yairipok,10904.0,India,24.6779,94.0477
36210,Koilakh,10904.0,India,26.3358,86.201
36217,Khanjahanpur,10899.0,India,25.6055,86.0927
36218,Sangram,10899.0,India,26.3141,86.3515
36220,Karikad,10898.0,India,10.6917,76.0722
36225,Tarwara,10896.0,India,26.2007,84.4874
36234,Kodmial,10892.0,India,18.6333,78.9
36237,Kiratpur Rajaram,10891.0,India,25.856,85.285
36240,Hardia,10890.0,India,26.6184,84.8857
36241,Ghanpur,10890.0,India,17.4989,78.2225
36267,Rambilli,10880.0,India,17.4644,82.9314
36268,Chandur,10880.0,India,16.98,79.06
36271,Harri,10879.0,India,26.3238,86.2975
36272,Garkha,10879.0,India,25.8293,84.8617
36276,Sahoria Subhai,10878.0,India,25.9028,87.0421
36281,Pallarimangalam,10875.0,India,10.0617,77.059
36283,Kothri Kalan,10874.0,India,23.0722,76.8296
36290,Panetha,10872.0,India,21.92,73.08
36304,Ramchandarpur,10866.0,India,25.2365,86.1459
36309,Bistan,10863.0,India,21.6979,75.6657
36310,Tanippadi,10863.0,India,12.1078,78.834
36311,Amjhera,10863.0,India,22.5578,75.1185
36312,Mataili Khemchand,10863.0,India,25.5612,87.1685
36324,Nirpur,10859.0,India,25.7192,87.1507
36328,Ukal,10858.0,India,21.2167,73.5833
36335,Chirak,10855.0,India,30.7206,75.1718
36340,Mudki,10853.0,India,30.78,74.8811
36348,Anuppampattu,10850.0,India,13.3018,80.2258
36349,Tiruppalaikudi,10850.0,India,9.5461,78.9172
36351,Venmani Padinjara,10849.0,India,9.4735,76.5487
36353,Palakollu,10848.0,India,16.5333,81.7333
36361,Patrasaer,10844.0,India,23.1968,87.5272
36362,Yellayapalem,10843.0,India,14.5378,79.9515
36366,Pattanam,10841.0,India,11.4728,78.2109
36370,Ghagga,10839.0,India,30.0198,76.1041
36371,Kulgo,10839.0,India,24.0154,85.9743
36373,Vargaur,10837.0,India,11.1452,78.3477
36383,Pottipuram,10833.0,India,9.9401,77.3213
36389,Mutluru,10831.0,India,16.15,80.4833
36397,Jitwarpur Chauth,10829.0,India,25.8499,85.8074
36398,Jauli,10828.0,India,29.4273,77.8595
36400,Rajghat Garail,10827.0,India,25.7618,87.2126
36403,Gamharia,10826.0,India,25.8973,86.655
36404,Kurwar,10826.0,India,26.3475,81.9787
36406,Rampur Kalan,10825.0,India,26.1649,77.4691
36409,Banu Chhapra,10821.0,India,26.8098,84.5201
36414,Kurikuppi,10817.0,India,15.07,76.55
36417,Sohwal,10814.0,India,25.9261,83.3628
36421,Alipur,10813.0,India,18.8621,78.8754
36422,Hejamadi,10813.0,India,13.1062,74.7839
36426,Kaurihar,10810.0,India,26.965,84.8462
36429,Balupur,10808.0,India,25.2611,87.8947
36432,Chhatapur,10805.0,India,26.2197,87.0048
36433,Andhana,10805.0,India,25.2574,85.4548
36434,Tyamagondal,10805.0,India,13.2137,77.301
36436,Darmaha,10802.0,India,26.3663,84.9312
36442,Palamedu,10801.0,India,10.105,78.1134
36443,Mangobandar,10801.0,India,24.8162,86.2709
36456,Papraur,10797.0,India,25.4413,86.0378
36466,Muzaffarnagar,10793.0,India,29.482,77.7
36468,Zafarabad,10792.0,India,25.7,82.7
36473,Seonar,10788.0,India,25.4142,85.8834
36474,Kuppachchipalaiyam,10787.0,India,11.0273,78.1131
36475,Paduma,10787.0,India,26.5766,86.2394
36476,Telkap,10787.0,India,24.7048,84.0093
36477,Marreddipalli,10787.0,India,17.7767,78.6016
36485,Kondakomarla,10784.0,India,14.0678,77.9561
36486,Ravutulapudi,10784.0,India,17.3833,82.3833
36491,Ānavatti,10781.0,India,14.5645,75.1523
36493,Sitalpur,10780.0,India,25.7764,85.0283
36501,Nekarikallu,10778.0,India,16.371,79.943
36504,Chiramanangad,10775.0,India,10.6819,76.1142
36505,Nilavarappatti,10775.0,India,11.6081,78.1499
36507,Bhanghi,10773.0,India,26.3612,87.1826
36508,Nuvem,10773.0,India,15.3174,73.9387
36509,Naranapuram,10772.0,India,11.0254,77.29
36512,Nirkunnam,10770.0,India,9.35,76.5167
36513,Akhnur,10770.0,India,32.87,74.73
36514,Pipalrawan,10769.0,India,23.1625,76.4704
36515,Bhauradah,10769.0,India,26.252,87.86
36518,Errahalli,10768.0,India,12.3911,78.2232
36519,Punjai Kalamangalam,10768.0,India,11.2322,77.8236
36527,Mutukuru,10765.0,India,16.3829,79.4664
36536,Sarsai Nawar,10762.0,India,26.96,79.23
36541,Kajhi Hridenagar,10760.0,India,25.932,87.2179
36542,Jhundo,10760.0,India,24.7756,86.2473
36547,Kuruvambalam,10756.0,India,10.9375,76.1639
36548,Rudra Nagar,10756.0,India,24.3841,87.884
36552,Lulhaul,10755.0,India,25.8787,86.1386
36553,Sambre,10755.0,India,15.88,74.56
36554,Odugattur,10755.0,India,12.7679,78.883
36555,Pragadavaram,10755.0,India,17.0167,81.0167
36556,Kilrajakularaman,10755.0,India,9.3969,77.6344
36560,Moda,10752.0,India,13.8246,77.4421
36561,Sunadkuppi,10752.0,India,16.14,74.81
36563,Suhagi,10751.0,India,23.2206,79.9569
36564,Kattari,10751.0,India,11.4593,77.7263
36570,Kuttattuppatti,10748.0,India,10.3759,77.8972
36571,Jaladurgam,10748.0,India,15.284,77.9001
36572,Kingri,10747.0,India,25.6326,86.6911
36576,Babhnoul,10746.0,India,25.3202,84.2128
36577,Komarolu,10746.0,India,15.2667,79.0
36582,Goasi,10744.0,India,25.7643,87.4155
36591,Karuvelampatti,10739.0,India,9.8448,78.0451
36592,Padiyur,10738.0,India,10.4234,78.0254
36596,Kumaravadi,10735.0,India,10.5264,78.3118
36598,Chandreru,10733.0,India,17.098,81.9959
36600,Bhalpatti,10732.0,India,26.1853,86.0509
36601,Vellavadanparappu,10732.0,India,11.1854,77.8425
36602,Raybag,10732.0,India,16.48,74.78
36611,Kerai,10728.0,India,25.751,85.8586
36618,Panamarattuppatti,10725.0,India,11.562,78.1649
36619,Maniamkulam,10725.0,India,9.641,76.644
36624,Bazid Chak Kasturi,10723.0,India,25.6559,85.4412
36630,Rajanagaram,10722.0,India,17.0833,81.9
36632,Sapahi,10721.0,India,26.6517,84.8526
36638,Alagappapuram,10719.0,India,8.1468,77.5413
36647,Īmani,10714.0,India,16.3302,80.658
36650,Parnera,10713.0,India,20.55,72.95
36652,Tigrana,10712.0,India,28.862,76.137
36655,Thevur,10711.0,India,11.524,77.7539
36661,Enumulapalle,10709.0,India,14.1446,77.8166
36665,Rewtith,10707.0,India,26.2853,84.7155
36666,Sidhap Kalan,10706.0,India,26.5456,86.2346
36667,Chittarkottal,10706.0,India,9.4276,78.9015
36682,Galsi,10700.0,India,23.3372,87.6925
36687,Sangam,10698.0,India,14.5956,79.7428
36694,Milattur,10695.0,India,10.8576,79.2394
36697,Kurdi,10694.0,India,16.0511,77.2114
36700,Sangalbahita,10693.0,India,25.3295,87.3018
36707,Lachhmipur,10688.0,India,25.5248,87.3667
36708,Sahuli,10688.0,India,26.1118,84.3485
36714,Gairtganj,10685.0,India,23.4102,78.2208
36717,Jhundpura,10684.0,India,26.3473,77.501
36726,Talsur,10680.0,India,25.3667,87.8512
36727,Kattipudi,10680.0,India,17.25,82.3333
36739,Mathigeri,10676.0,India,12.15,77.1
36749,Bhaur,10672.0,India,26.2751,86.1552
36750,Pulingom,10672.0,India,12.2833,75.4167
36751,Dakhram,10672.0,India,26.0542,86.128
36754,Konganapuram,10670.0,India,11.571,77.9004
36755,Hemavati,10670.0,India,14.0257,76.9933
36758,Itarhi,10669.0,India,25.4832,84.0129
36759,Singapperumalkovil,10669.0,India,12.7595,80.0075
36760,Katra,10669.0,India,32.9917,74.9319
36761,Besagarahalli,10669.0,India,12.6333,77.0
36763,Hosahalli,10668.0,India,15.314,76.3151
36770,Kankol,10665.0,India,12.1556,75.2238
36771,Salotgi,10664.0,India,17.17,75.96
36786,Chettimangurichchi,10659.0,India,11.6393,77.8557
36794,Puranattukara,10655.0,India,10.5528,76.1613
36795,Kala Diara,10655.0,India,25.5092,85.448
36797,Malapannanagudi,10654.0,India,15.28,76.37
36801,Bharra,10651.0,India,25.4398,86.1624
36802,Teus,10651.0,India,25.2493,85.7141
36813,Ramareddi,10647.0,India,18.411,78.3674
36818,Kadwa,10645.0,India,25.0316,84.0924
36822,Gudibanda,10643.0,India,13.9753,77.1046
36824,Gobardhanpur Kanap,10641.0,India,25.0682,84.5241
36825,Karadichittur,10641.0,India,11.8289,78.8758
36828,Amayan,10639.0,India,26.3205,78.7581
36833,Kumbhari,10636.0,India,21.2088,83.6467
36834,Sirugudi,10635.0,India,10.2627,78.3088
36835,Maghra,10635.0,India,25.1903,85.4921
36850,Nedumpura,10627.0,India,10.3903,76.1514
36858,Jiwachhpur,10624.0,India,26.312,87.0405
36862,Chinnamandem,10623.0,India,13.9419,78.6814
36864,Pama,10622.0,India,25.8122,86.8474
36882,Usuppur,10616.0,India,11.3815,79.697
36884,Partap Tanr,10615.0,India,25.8897,85.2551
36885,Kanur,10615.0,India,17.0318,75.7022
36886,Mittahalli,10615.0,India,12.421,78.1991
36897,Antardipa,10610.0,India,24.6442,87.9213
36900,Ghattu,10608.0,India,13.6602,78.3331
36903,Sabnima,10607.0,India,25.4583,85.567
36904,Munnuru,10607.0,India,12.8283,74.8803
36908,Barharia,10606.0,India,26.3191,84.4547
36912,Aranda,10604.0,India,26.085,84.3601
36917,Bajpe,10603.0,India,12.9803,74.8832
36923,Khokri Kalan,10600.0,India,30.8456,75.3307
36926,Sokhodewara,10599.0,India,24.8358,85.8725
36943,Ghoswari,10590.0,India,25.4687,85.4964
36948,Dasai,10589.0,India,22.72,75.1321
36949,Kabira,10589.0,India,25.6897,86.4852
36950,Kurhani,10589.0,India,25.9803,85.3374
36954,Ranko,10587.0,India,25.5181,86.4899
36964,Vellipalaiyam,10583.0,India,11.3314,76.9813
36967,Maida Babhangawan,10582.0,India,25.4793,86.0669
36968,Sonakhal,10582.0,India,22.2125,88.7133
36971,Kartal,10581.0,India,16.9859,78.5014
36983,Sirur Tajband,10577.0,India,18.7,76.9333
36990,Bodippatti,10574.0,India,10.5642,77.2336
37000,Shampur,10571.0,India,23.418,77.0867
37001,Tekkattur,10571.0,India,10.2997,78.7884
37006,Gajiginhalu,10568.0,India,15.6969,76.6647
37011,Kasavanampatti,10565.0,India,10.3692,77.8699
37014,Puligunta,10563.0,India,12.4395,78.3625
37025,Koppaka,10560.0,India,16.7494,81.0311
37034,Pachauth,10556.0,India,25.576,86.8083
37038,Loharda,10554.0,India,22.5918,76.5957
37039,Darauli,10554.0,India,26.0781,84.1314
37049,Sihma,10548.0,India,25.6992,86.2446
37052,Paddhari,10547.0,India,22.43,70.6
37057,Mathila,10546.0,India,25.4715,84.1438
37061,Tarabha,10545.0,India,20.7325,83.6744
37065,Phaphot,10544.0,India,25.6817,86.0069
37066,Kulrian,10544.0,India,29.7994,75.6827
37071,Sambalhera,10542.0,India,29.325,77.9194
37077,Torpa,10538.0,India,22.9361,85.0889
37078,Madathapatti,10538.0,India,9.1321,77.4245
37080,Chota Mollakhali,10537.0,India,22.2222,88.8956
37081,Jhonkar,10537.0,India,23.2361,76.1814
37082,Aravelli,10537.0,India,18.719,79.0262
37085,Pallattur,10536.0,India,10.1461,78.8031
37093,Nagambhotlapalem,10534.0,India,15.6804,79.8151
37095,Kakhandiki,10532.0,India,16.601,75.6405
37098,Tamarankottai,10530.0,India,10.43,79.32
37102,Garag,10528.0,India,15.575,74.9297
37108,Dhilwan,10524.0,India,31.5143,75.3457
37109,Tulshia,10523.0,India,26.3468,87.8411
37110,Karukkalvadi,10523.0,India,11.6714,78.0126
37118,Sahuria,10519.0,India,25.8197,86.6132
37119,Nahargarh,10519.0,India,24.1692,75.2342
37120,Buttar Khurd,10519.0,India,30.725,75.275
37125,Paittur,10517.0,India,11.5356,78.5749
37135,Perur,10513.0,India,10.9752,76.9129
37145,Bagrinagar,10509.0,India,25.9,73.8
37148,Nallippalaiyam,10508.0,India,11.2388,78.1495
37152,Morsand,10505.0,India,25.9335,85.698
37170,Vembur,10500.0,India,10.5893,78.0709
37171,Balwa,10500.0,India,29.406,77.308
37172,Samakhiali,10500.0,India,23.3333,70.5833
37173,Yedappalli,10500.0,India,11.3792,76.8108
37185,Bhopalia,10494.0,India,22.2791,73.7104
37186,Naini,10494.0,India,25.832,84.7179
37187,Adalpur,10494.0,India,26.191,86.0239
37189,Devanakonda,10493.0,India,15.5333,77.55
37193,Krishnamsettipalle,10492.0,India,15.3695,78.884
37196,Gudlavalleru,10491.0,India,16.35,81.05
37204,Duraiswamipuram,10488.0,India,9.0661,77.4517
37206,Rajpur Kalan,10486.0,India,25.6792,84.1259
37225,Ambhua,10477.0,India,24.5568,87.8651
37228,Tiruvalam,10475.0,India,12.9825,79.2661
37240,Balua Rampur,10470.0,India,26.7777,84.428
37252,Belao,10464.0,India,25.1476,85.7377
37253,Dighawani,10464.0,India,22.2061,78.8135
37257,Wepangandla,10463.0,India,16.1157,78.1301
37258,Vaddepalli,10463.0,India,15.9359,77.8417
37262,Dhanwar,10462.0,India,24.4107,85.9818
37268,Vikrutamala,10457.0,India,13.6206,79.5642
37269,Burhia Dhanghatta,10457.0,India,25.9004,87.2852
37278,Kopparam,10453.0,India,16.0841,79.9874
37279,Lakhna,10452.0,India,26.65,79.15
37283,Valpoy,10450.0,India,15.5324,74.1367
37292,Bakwa,10446.0,India,26.0601,86.4124
37301,Saidapet,10444.0,India,13.1434,80.1912
37317,Koth,10439.0,India,22.636,72.3
37321,Kamthi,10437.0,India,21.2161,79.1973
37322,Kaluvaya,10437.0,India,14.5,79.4167
37323,Balia,10437.0,India,24.2433,75.8061
37337,Venganellur,10431.0,India,10.7,76.3333
37355,Valatt,10419.0,India,11.7833,75.9
37356,Nagtala,10419.0,India,22.4667,88.3833
37373,Chandera,10414.0,India,25.0829,78.9784
37387,Machalpur,10408.0,India,24.1277,76.3167
37393,Telsang,10407.0,India,16.72,75.06
37404,Kotharpettai,10404.0,India,12.678,78.6243
37412,Koduru,10402.0,India,13.8692,77.7298
37420,Banta,10400.0,India,24.2323,87.8749
37432,Sainkhera,10397.0,India,22.9589,78.5782
37437,Velappadi,10395.0,India,12.6499,79.3151
37438,Eriyodu,10395.0,India,10.5172,78.0627
37443,Narkatpalli,10394.0,India,17.203,79.195
37446,Jhaua,10393.0,India,25.7487,84.924
37448,Tripurantakam,10392.0,India,16.0007,79.4563
37457,Jigani,10389.0,India,12.7861,77.6385
37459,Matsavaram,10388.0,India,16.6,79.7333
37462,Gokinepalle,10386.0,India,16.9228,79.7827
37471,Telkapalli,10384.0,India,16.45,78.4667
37474,Gayaspur,10383.0,India,25.9217,84.4399
37479,Jalihalli,10381.0,India,16.365,76.7811
37486,Paraippatti,10379.0,India,10.3144,77.8601
37493,Desuri,10377.0,India,25.2833,73.5667
37503,Nalgora,10373.0,India,22.0346,88.4743
37506,Madhopur Hazari,10372.0,India,26.2623,84.8995
37509,Phek,10371.0,India,25.571,94.301
37511,Mankur,10370.0,India,23.4353,87.5527
37516,Gharyala,10369.0,India,31.2294,74.7352
37524,Kottapuram,10366.0,India,10.2958,76.2431
37527,Kalgi,10365.0,India,17.35,77.15
37528,Bommarbettu,10365.0,India,13.339,74.8784
37531,Momanpet,10364.0,India,17.5175,77.8981
37534,Ambalanur,10363.0,India,16.59,75.96
37535,Peravali,10363.0,India,15.2861,77.4997
37537,Fakirtaki,10361.0,India,22.3815,88.7901
37538,Bassian,10360.0,India,30.6559,75.5389
37545,Phulmalik,10356.0,India,25.4132,86.4255
37548,Khawaspur,10355.0,India,26.2331,84.6388
37557,Siktiahi,10352.0,India,26.4812,86.4023
37561,Hirehadagalli,10350.0,India,14.9267,75.8322
37562,Rounia,10350.0,India,25.5179,87.3999
37568,Mallan,10348.0,India,30.4015,74.7365
37572,Vellaturu,10347.0,India,16.1209,79.6508
37575,Maruteru,10346.0,India,16.6237,81.7394
37578,Srikrishnapur,10345.0,India,22.9717,88.0351
37585,Mokarrampur,10342.0,India,26.2176,86.0433
37586,Konkavaripalle,10342.0,India,13.7125,78.4861
37590,Cheruvannur,10341.0,India,11.8284,75.7295
37591,Ganga Sagar,10340.0,India,21.6528,88.0753
37598,Sonwan,10338.0,India,25.6258,86.2161
37601,Tirkha,10337.0,India,26.129,81.0343
37621,Oppatavadi,10330.0,India,12.569,78.3992
37631,Ratnagiri,10326.0,India,13.8111,77.1301
37636,Babhniyawan,10325.0,India,25.4943,84.4815
37645,Arimalam,10321.0,India,10.255,78.884
37651,Harsola,10319.0,India,22.5694,75.8165
37652,Dombachcheri,10319.0,India,9.9604,77.3909
37653,Hariana,10319.0,India,31.6351,75.8389
37654,Kamepalle,10319.0,India,16.5191,79.835
37657,Yadavolu,10317.0,India,17.0619,81.4729
37658,Āzamnagar,10317.0,India,25.5456,87.8294
37674,Solim,10311.0,India,15.6145,73.7704
37676,Auhar Sheikh,10310.0,India,26.7216,84.5993
37682,Khiram,10307.0,India,33.732,75.16
37689,Lakkireddipalle,10303.0,India,14.1667,78.7
37702,Kalamula,10299.0,India,11.1417,76.3417
37705,Nana,10298.0,India,24.916,73.133
37706,Shahar Telpa,10298.0,India,25.133,84.6533
37717,Ratauli,10294.0,India,26.1861,86.7104
37720,Balaungi,10293.0,India,30.7306,76.6937
37721,Zawal,10293.0,India,24.9833,72.7333
37737,Srisailain,10288.0,India,16.0833,78.8667
37738,Simarwara Durgapur,10288.0,India,25.852,85.4944
37752,Jankampet,10284.0,India,18.7067,78.0233
37754,Kandrawan,10283.0,India,25.8882,81.2618
37775,Mallapuram,10276.0,India,9.828,77.673
37779,Dora,10275.0,India,22.1858,88.5142
37783,Mehdauli,10274.0,India,25.6561,86.0257
37784,Meghaul,10274.0,India,25.6561,86.0257
37789,Tekkekara,10272.0,India,9.7,76.7833
37790,Kilminnal,10272.0,India,12.9447,79.2514
37791,Gaunivaripalle,10272.0,India,13.9756,77.8768
37794,Ullur,10270.0,India,10.9706,79.4063
37798,Bhikkiwind Uttar,10269.0,India,31.3453,74.6914
37799,Mel Seval,10269.0,India,8.6722,77.6147
37803,Somireddipalle,10268.0,India,14.8365,78.9062
37804,Mali,10268.0,India,25.1269,84.7084
37808,Indalvai,10263.0,India,18.5403,78.2248
37820,Tettuppatti,10260.0,India,10.3979,77.8225
37831,Gohuma Bairia,10257.0,India,26.3938,86.3976
37837,Shahmirpet,10255.0,India,17.5947,78.5749
37838,Tarar,10255.0,India,25.1821,87.1671
37839,Barai,10255.0,India,26.3717,86.0134
37857,Nayanagar,10247.0,India,25.7465,86.1027
37862,Badru Khan,10245.0,India,30.2523,75.7917
37866,Vairampatti,10244.0,India,10.5515,78.3022
37876,Maheshram,10241.0,India,25.2874,87.4124
37879,Khair Khan,10240.0,India,26.2727,87.3037
37881,Vellur,10239.0,India,12.1667,75.35
37884,Kiramangalam,10237.0,India,10.2859,79.0996
37885,Apparaopeta,10237.0,India,16.8987,81.5684
37889,Borgampad,10235.0,India,17.65,80.8667
37890,Puvalur,10234.0,India,10.9003,78.8308
37896,Partibanur,10232.0,India,9.5855,78.4545
37902,Raibhir,10230.0,India,25.9978,86.8781
37908,Jitpur,10228.0,India,26.8149,84.9578
37909,Muttam,10228.0,India,9.8378,76.7126
37916,Potunuru,10224.0,India,16.7442,81.2206
37919,Luathaha,10223.0,India,26.6316,84.9079
37920,Āhiro,10223.0,India,24.9192,87.1054
37922,Koila Dewa,10222.0,India,26.4079,84.1962
37928,Belma,10220.0,India,12.9772,74.9969
37934,Vadakku Ariyanayakipuram,10218.0,India,8.7208,77.545
37941,Multi,10215.0,India,22.2847,88.4053
37945,Nagasamudram,10214.0,India,15.0556,77.5004
37951,Kandulapuram,10212.0,India,15.5976,79.1365
37970,Miani,10203.0,India,31.7092,75.5661
37974,Ramannapeta,10202.0,India,17.2833,79.0859
37998,Kottapalem,10194.0,India,16.7,80.47
37999,Baragaon,10194.0,India,24.5682,79.0185
38009,Narasingam,10189.0,India,9.9658,78.1833
38010,Barahi,10189.0,India,25.9725,86.7452
38019,Venkatapuram,10186.0,India,18.2232,79.9516
38033,Amgachia,10179.0,India,22.4156,88.3051
38037,Angwali,10178.0,India,23.7317,85.9858
38038,Aliganj,10178.0,India,24.9365,85.925
38042,Kothi,10177.0,India,24.7526,80.7775
38043,Darwa,10177.0,India,25.669,85.6461
38047,Shirbadgi,10176.0,India,15.9418,75.7768
38048,Halgur,10176.0,India,12.4249,77.227
38058,Surla,10171.0,India,15.5333,73.8333
38060,Jhakhra,10170.0,India,25.7528,85.7474
38061,Panchi,10170.0,India,25.1123,85.6321
38062,Jandiala,10170.0,India,31.2157,75.6218
38064,Ajjipuram,10169.0,India,12.0457,77.3532
38065,Pipra Naurangia,10169.0,India,26.8591,84.4328
38066,Bellamkonda,10169.0,India,16.4922,80.0089
38078,Labhgaon,10165.0,India,25.5062,86.3899
38079,Katalpur,10165.0,India,26.2255,84.7608
38081,Roddam,10164.0,India,14.1,77.43
38089,Jadupatti,10161.0,India,26.1186,86.3114
38103,Togamalai,10156.0,India,10.7251,78.4108
38107,Vutukuru,10154.0,India,14.5778,80.1423
38112,Narot Mehra,10152.0,India,32.2673,75.5647
38116,Valaparla,10151.0,India,15.9167,80.05
38118,Kilkunda,10150.0,India,11.2569,76.6697
38121,Kaza,10148.0,India,16.3906,80.5425
38122,Tiruchchuli,10148.0,India,9.5348,78.2008
38123,Kanteru,10148.0,India,16.3906,80.5425
38124,Telnal,10147.0,India,23.01,73.03
38139,Periyanegamam,10141.0,India,10.7432,77.103
38140,Mungod,10141.0,India,17.0667,79.0667
38145,Villasagar,10137.0,India,18.4736,78.9645
38152,Elattur,10134.0,India,11.3866,77.308
38155,Dhanur Kalyanwadi,10133.0,India,17.77,77.14
38157,Siswar,10132.0,India,26.4292,86.4586
38158,Haldipur,10132.0,India,14.3333,74.4333
38161,Rompicherla,10131.0,India,16.21,79.9087
38162,Solindabad,10131.0,India,25.8463,86.5907
38163,Raparla,10131.0,India,16.302,80.9674
38164,Hire Megalageri,10131.0,India,14.544,75.9776
38167,Potavaram,10130.0,India,17.0194,81.4128
38171,Deulgaon Mahi,10127.0,India,20.0833,76.1833
38174,Bhagirathpur,10125.0,India,24.0884,88.4947
38175,Bilga,10125.0,India,31.05,75.65
38176,Kondalahalli,10125.0,India,14.72,76.76
38178,Borim,10124.0,India,15.3604,74.0004
38179,Mawai,10124.0,India,24.8043,78.9388
38184,Manglur,10123.0,India,15.5177,76.1476
38187,Sirigeri,10122.0,India,15.63,76.9
38191,Belagola,10121.0,India,12.3914,76.6097
38192,Sulagiri,10121.0,India,12.6645,78.0134
38202,Rettanai,10117.0,India,12.1953,79.5526
38203,Hipparga,10117.0,India,17.4568,76.3739
38205,Nathpur,10116.0,India,26.3261,87.0916
38207,Aroali,10115.0,India,24.043,87.9443
38211,Vaddadi,10113.0,India,17.8474,82.8729
38212,Kalakeri,10113.0,India,16.6667,76.3
38213,Anandnagar,10113.0,India,27.1,83.2833
38220,Masdi,10111.0,India,25.2441,86.7233
38221,Kondakindi Agraharam,10111.0,India,14.679,77.7401
38222,Adigappadi,10111.0,India,12.1459,78.0946
38238,Perumuchchi,10104.0,India,13.056,79.6755
38246,Havanur,10101.0,India,14.8667,75.7
38253,Chauki Hasan Chauki Makhdum,10100.0,India,26.2333,84.4964
38261,Machchand,10098.0,India,26.3241,79.0543
38262,Shahpur Chaumukhi,10098.0,India,25.7683,86.9049
38268,Talugai,10096.0,India,11.3752,78.4822
38269,Korosavada,10096.0,India,18.7256,84.0573
38274,Sahidganj,10094.0,India,25.6627,87.0976
38279,Kadaladi,10093.0,India,12.404,78.966
38285,Ekamba,10090.0,India,25.9689,87.5741
38288,Jangalapalle,10088.0,India,14.8997,79.8936
38289,Advi Devalpalli,10088.0,India,16.6631,79.5139
38290,Erutukada,10087.0,India,8.2658,77.1358
38294,Hardas Bigha,10086.0,India,25.4994,85.3551
38295,Karapa,10086.0,India,16.9,82.1667
38302,Padugaipattu,10084.0,India,8.3642,77.9815
38311,Thikriwala,10080.0,India,30.4328,75.5261
38328,Malinagar,10075.0,India,25.9967,85.6863
38334,Ghatawan,10072.0,India,25.0968,83.7266
38340,Mesra,10068.0,India,23.4339,85.4152
38350,Bagalur,10066.0,India,12.8333,77.8667
38370,Dudhpura,10059.0,India,25.7964,86.1189
38371,Shahpur Undi,10059.0,India,25.637,85.6013
38372,Bara Khurd,10059.0,India,25.2599,85.4325
38373,Chandralapadu,10059.0,India,16.715,80.2089
38374,Mocharim,10059.0,India,24.6794,84.9905
38376,Rupana,10058.0,India,30.407,74.5276
38383,Dhamua,10055.0,India,22.2875,88.3962
38388,Dalawarpur,10054.0,India,26.3466,84.9581
38398,Rangasamudram,10049.0,India,14.9852,78.9765
38407,Petmanhalli,10043.0,India,17.7688,77.5056
38408,Taiyur,10043.0,India,12.7833,80.1833
38409,Gauli Palasiya,10043.0,India,22.5323,75.7275
38413,Tinkoni,10042.0,India,26.8613,84.9647
38414,Lepakshi,10042.0,India,13.81,77.6
38426,Nallikodur,10037.0,India,17.5811,79.75
38431,Vembaditalam,10034.0,India,11.567,78.0112
38432,Maharajapuram,10033.0,India,9.6588,77.6631
38433,Baldeogarh,10033.0,India,24.7562,79.0672
38438,Suthalia,10032.0,India,23.9955,77.1395
38439,Puduparambubhagam,10032.0,India,9.6,76.74
38441,Sirugamani,10031.0,India,10.8975,78.5142
38448,Munagapaka,10028.0,India,17.6333,83.0
38451,Panrepatti,10026.0,India,25.5537,83.9775
38452,Lalmunia Munhara,10026.0,India,26.5741,86.4012
38461,Kil Perambalur,10024.0,India,11.36,79.098
38472,Belpara,10016.0,India,20.5889,82.9729
38480,Dhangaraha,10014.0,India,26.0204,84.7023
38486,Pakka Kalan,10013.0,India,30.0323,74.8555
38487,Silamalai,10013.0,India,9.9621,77.3371
38495,Dagiapara,10010.0,India,26.4568,91.8294
38514,Tiri,10002.0,India,25.8871,86.6757
38515,Amwa Majhar,10002.0,India,26.7362,84.5818
38521,Kolagallu,10001.0,India,15.15,76.92
38539,Waghai,10000.0,India,20.7667,73.4833
38540,Ghargaon,10000.0,India,18.616,74.698
38541,Deh,10000.0,India,27.3,73.9
38542,Medarametla,10000.0,India,15.7167,80.0167
38543,Lakshmipuro,10000.0,India,10.0774,77.5198
38544,Palanswa,10000.0,India,23.4667,70.9333
38545,Hanzviur,10000.0,India,34.141,74.5829
38546,Amsin,10000.0,India,26.5733,82.4357
38547,Muttalakanpatti,10000.0,India,10.8652,78.6492
38548,Karumulaikkal,10000.0,India,9.3167,76.8
38549,Dhalai,10000.0,India,24.5958,92.8466
38550,Budwan,10000.0,India,25.7775,81.1681
38551,Chhimluang,10000.0,India,24.5157,92.8222
38552,Siddarampuram,10000.0,India,15.53,76.636
38553,Reha Mota,10000.0,India,23.1887,69.9034
38554,Paravakkottai,10000.0,India,10.6005,79.4313
38555,Tharial,10000.0,India,32.3547,75.6067
38556,Dewal Thal,10000.0,India,29.7,80.2167
38557,Lakshmipuram,10000.0,India,10.0777,77.5212
38558,Fatehgarh,10000.0,India,20.3,85.33
38559,Isnapuram,10000.0,India,17.5443,78.3486
38560,Mevani,10000.0,India,11.5,77.5333
38561,Kerwada,10000.0,India,21.9,72.85
38562,Ulipuram,10000.0,India,11.4667,78.4667
38563,Dijmur,10000.0,India,27.6761,94.8108
38564,Kochhor,10000.0,India,27.6268,75.1376
38565,Betnoti,10000.0,India,21.7355,86.8499
38566,Balagam,10000.0,India,21.3694,70.0981
38667,Ramamangalam,9999.0,India,9.9333,76.5
38669,Bomareddipalli,9998.0,India,18.7044,79.1568
38672,Rakhwari,9996.0,India,26.3603,86.2882
38679,Vilpatti,9994.0,India,10.2672,77.5014
38682,Erraballa,9993.0,India,14.3971,78.1744
38683,Paikpara,9993.0,India,24.3149,87.8503
38687,Yadwad,9991.0,India,16.24,75.18
38690,Ketugram,9990.0,India,23.7017,88.0439
38694,Rangamati,9987.0,India,26.8076,89.4572
38702,Fateha,9985.0,India,25.6073,85.8669
38703,Kengarai,9985.0,India,11.4144,76.9277
38704,Pullambadi,9985.0,India,10.9667,78.9167
38705,Chada,9984.0,India,17.4992,79.0756
38706,Dilra,9984.0,India,29.043,78.75
38710,Inungur,9983.0,India,10.8507,78.4889
38715,Gulyam,9981.0,India,15.3598,77.067
38716,Hosur,9981.0,India,15.8201,74.9301
38718,Itikalapalle,9980.0,India,14.6013,77.6582
38719,Painal,9979.0,India,25.59,84.9304
38726,Kanyana,9976.0,India,12.9,75.03
38732,Tansandra,9975.0,India,13.0554,77.6342
38747,Mamobihat,9969.0,India,26.1466,86.1747
38749,Kottaipatti,9968.0,India,10.1533,77.7315
38756,Erraguntlakota,9966.0,India,13.9622,79.2768
38763,Tokkavadi,9964.0,India,11.3702,77.8412
38767,Kambaliyampatti,9963.0,India,10.3671,78.1233
38772,Chakicherla,9962.0,India,15.1127,80.0366
38779,Sundekuppam,9960.0,India,12.4567,78.2125
38780,Kapasiawan,9960.0,India,25.2783,85.2869
38781,Padinjarebagam,9959.0,India,10.3222,76.1792
38782,Khandsa,9959.0,India,28.422,76.99
38785,Mahem,9958.0,India,15.5796,73.926
38793,Ettimadai,9956.0,India,10.8911,76.9087
38794,Khuran Milik,9956.0,India,25.6,86.8679
38797,Saharbani,9954.0,India,25.7201,86.41
38818,Ennamangalam,9946.0,India,11.6449,77.593
38824,Bhado Khara,9944.0,India,24.9567,85.513
38835,Nariar,9940.0,India,25.8875,86.5632
38839,Pachchampalaiyam,9939.0,India,11.5723,77.6096
38843,Ammanabrolu,9938.0,India,15.5802,80.1488
38846,Balal,9936.0,India,12.3857,75.282
38853,Kamdoli,9935.0,India,15.2048,75.2549
38856,Bagodar,9934.0,India,24.0803,85.8306
38863,Akalapura,9930.0,India,13.4852,77.4621
38864,Telpur,9930.0,India,27.0548,84.3336
38865,Kinalur,9930.0,India,11.4667,75.8333
38868,Khapdeh,9929.0,India,26.2706,87.1993
38874,Kalimala,9926.0,India,18.0738,81.7495
38875,Kadrabad,9926.0,India,25.5793,85.9475
38876,Parwaha,9925.0,India,26.2336,87.2197
38882,Paval,9923.0,India,12.2958,75.4056
38883,Vedurupavaluru,9923.0,India,16.5519,80.7309
38884,Kargahia Purab,9922.0,India,26.7887,84.5298
38886,Bajwara,9921.0,India,31.515,75.9494
38891,Angalakuduru Malepalle,9920.0,India,16.2392,80.6117
38894,Minnampalli,9918.0,India,11.6758,78.2676
38898,Pavittiram,9917.0,India,11.1406,78.3631
38900,Barni,9914.0,India,25.3484,85.0594
38903,Pipraun,9913.0,India,26.599,85.9356
38906,Pudimadaka,9912.0,India,17.5,83.0167
38912,Kunnur,9910.0,India,9.5882,77.7006
38913,Karajgi,9910.0,India,14.8641,75.4535
38922,Kaunra,9906.0,India,25.5231,84.5575
38932,Bharhopur,9903.0,India,25.9488,84.5274
38934,Kaith,9902.0,India,25.4776,86.2001
38939,Navinipatti,9901.0,India,10.0439,78.3557
38946,Suhiya,9898.0,India,25.6482,84.3916
38949,Shankarampet,9897.0,India,18.049,77.9143
38950,Tonse East,9896.0,India,13.3963,74.7217
38953,Wangi,9895.0,India,18.1833,75.15
38954,Bilehra,9894.0,India,23.6463,78.7311
38958,Dera Baba Nanak,9892.0,India,32.0321,75.0292
38959,Ippagudem,9892.0,India,17.7668,79.3751
38962,Siruvalur,9890.0,India,11.36,77.4575
38967,Baghant,9889.0,India,26.1748,86.1705
38968,Jettihalli,9889.0,India,12.08,78.1193
38975,Gudgeri,9886.0,India,15.1225,75.3653
38976,Namakadu,9885.0,India,14.006,80.1194
38979,Muthabana,9884.0,India,24.9346,88.0425
38980,Bhadsara,9884.0,India,25.3696,84.8444
38984,Kadanganeri,9882.0,India,8.92,77.55
38985,Kaimati,9882.0,India,26.3186,89.7843
38986,Gurwalia Biswas,9882.0,India,26.8372,84.4687
39002,Barahra,9877.0,India,26.2356,86.5615
39005,Baltara,9876.0,India,25.5116,86.7232
39007,Tadiparti,9875.0,India,17.1769,82.2757
39015,Reddigudem,9873.0,India,16.8939,80.6917
39019,Qazigund,9871.0,India,33.5921,75.1654
39024,Chegur,9870.0,India,17.1758,78.2298
39025,Ommangi,9870.0,India,17.2597,82.2236
39036,Palepalli,9865.0,India,12.5667,78.3071
39040,Muttattuteruvu,9864.0,India,9.4333,76.5389
39048,Vettaikkaraniruppu,9861.0,India,10.5739,79.8353
39050,Lingampet,9860.0,India,18.2383,78.1303
39051,Mahisanrh,9859.0,India,25.7358,85.5818
39054,Tanichchiyam,9857.0,India,10.0412,78.0127
39057,Paradarami,9856.0,India,13.0833,78.9833
39061,Berikai,9855.0,India,12.8056,77.971
39071,Narasimharajapura,9852.0,India,13.6108,75.512
39082,Achchippatti,9849.0,India,10.6989,77.015
39083,Kadoli,9849.0,India,15.88,74.56
39089,Tigaon,9847.0,India,21.6456,78.4576
39093,Surir,9845.0,India,27.7718,77.7208
39096,Tulin,9844.0,India,23.37,85.9
39097,Boriguma,9844.0,India,19.0468,82.5532
39099,Katarmala,9843.0,India,25.5036,86.2447
39105,Hansa,9841.0,India,26.0911,87.3089
39109,Kharial,9839.0,India,30.1056,75.8855
39110,Kokiladanga,9839.0,India,26.3688,89.8335
39111,Pedda Kotayalanka,9839.0,India,16.1567,80.8314
39112,Itamukkala,9839.0,India,15.3731,80.113
39113,Kaimuh,9839.0,India,33.7197,75.0811
39114,Shahzadpur,9839.0,India,25.6541,86.8709
39116,Manubolu,9838.0,India,14.1833,79.8833
39119,Patsanda,9837.0,India,24.858,86.3008
39120,Chandankiari,9836.0,India,23.5781,86.3598
39122,Karghar,9835.0,India,25.1267,83.9274
39136,Iraiyur,9831.0,India,11.7834,79.197
39137,Pushpattur,9831.0,India,10.5438,77.41
39138,Terku Narippaiyur,9831.0,India,9.1167,78.4188
39139,Birpur Barapatti Pindraun,9831.0,India,26.5475,86.3898
39143,Kodivalasa,9830.0,India,13.2547,79.4249
39150,Gangapur Athar,9827.0,India,25.8214,85.7123
39152,Nisarpur,9826.0,India,22.1088,74.8078
39154,Kusugal,9825.0,India,15.3667,75.2167
39159,Pithaura,9822.0,India,26.262,87.0983
39160,Baragaon,9822.0,India,25.1348,85.432
39164,Amjhar,9820.0,India,25.0641,84.5591
39165,Nagulapadu,9820.0,India,16.0634,80.3395
39171,Indurti,9816.0,India,18.2233,79.1355
39176,Gorha,9815.0,India,26.2267,86.9349
39186,Chuhal,9811.0,India,31.595,75.9684
39191,Basapatna,9808.0,India,15.4302,76.4869
39192,Pasupatikovil,9808.0,India,10.8893,79.1795
39197,Kalas,9807.0,India,15.0981,75.4067
39202,Palkot,9804.0,India,22.8748,84.6433
39206,Gangaur,9803.0,India,26.5666,85.8821
39207,Sorab,9803.0,India,14.3814,75.0918
39208,Kinhalu,9802.0,India,15.4431,76.1397
39209,Kalyanpur,9802.0,India,26.4802,84.1789
39210,Paravada,9802.0,India,17.6283,83.0793
39214,Kil Valur,9801.0,India,10.7659,79.7419
39215,Keshwari,9801.0,India,24.1878,85.8411
39218,Devikapuram,9800.0,India,12.4744,79.3475
39219,Manushmuria,9800.0,India,22.2808,86.7386
39229,Velpuru,9796.0,India,16.1775,80.7425
39235,Silvarpatti,9793.0,India,10.4473,77.9086
39236,Khathjari,9793.0,India,24.7046,81.9891
39243,Veppattur,9790.0,India,11.0154,79.4344
39251,Chak That,9787.0,India,25.7347,86.034
39252,Bag,9787.0,India,22.359,74.7905
39258,Bamora,9785.0,India,24.0554,78.0893
39262,Kotli Ablu,9783.0,India,30.3504,74.7868
39265,Jhitkahiya,9782.0,India,26.786,84.8858
39266,Alagarai,9781.0,India,10.9826,78.3891
39267,Koini,9781.0,India,26.4226,84.5147
39273,Charne,9777.0,India,26.1185,87.0754
39274,Gangania,9777.0,India,25.2395,86.6536
39282,Muddanuru,9775.0,India,14.6667,78.4
39284,Nallamadu,9774.0,India,16.8802,81.3549
39285,Ramnagar Bankat,9774.0,India,26.7595,84.6122
39294,Manalurpettai,9769.0,India,12.0079,79.0918
39299,Pakri,9768.0,India,25.5876,85.158
39300,Valantaravai,9768.0,India,9.339,78.8871
39309,Karankot,9764.0,India,17.2866,77.5644
39310,Perket,9764.0,India,18.7942,78.3068
39316,Mahinathpur,9761.0,India,26.6554,86.0674
39321,Kanchanpur,9758.0,India,24.6096,84.2361
39322,Jaisinghnagar,9758.0,India,23.6858,81.3909
39323,Kattagaram,9758.0,India,12.411,78.3153
39328,Salkhua,9757.0,India,25.6677,86.6002
39329,Ganguru,9757.0,India,16.475,80.7411
39334,Erravaram,9754.0,India,17.5458,82.8433
39335,Kolnur,9754.0,India,18.5095,79.426
39336,Aramangalam,9754.0,India,11.5843,76.0001
39341,Dhamsain,9752.0,India,26.0938,86.2541
39346,Chegurumomadi,9750.0,India,18.2361,79.1974
39349,Satuluru,9749.0,India,16.2541,80.1214
39361,Urlaha,9745.0,India,25.744,87.0929
39365,Undavalli,9743.0,India,16.4957,80.58
39366,Dhanwada,9743.0,India,16.65,77.6667
39372,Sirdala,9741.0,India,24.6559,85.4092
39373,Hunasamaranhalli,9741.0,India,13.1435,77.62
39380,Murungattoluvu,9738.0,India,11.1651,77.6411
39384,Ghusiya,9736.0,India,25.1832,84.2486
39385,Motipur,9736.0,India,25.8159,86.014
39389,Semmarikulan,9733.0,India,8.4815,77.9972
39396,Kaithinia,9731.0,India,26.2317,86.2817
39410,Kusumha,9725.0,India,25.1859,85.9234
39411,Hadiaya,9725.0,India,30.3413,75.5117
39415,Atlapadu,9723.0,India,16.8877,81.6772
39420,Karattuppalaiyam,9719.0,India,11.4402,77.3575
39421,Elambalur,9719.0,India,11.2669,78.8816
39430,Bareh,9716.0,India,26.6786,78.1887
39431,Kakkat,9716.0,India,12.1998,75.2024
39432,Tivim,9716.0,India,15.6,73.8
39436,Mahuver,9715.0,India,21.0081,72.8681
39440,Tellar,9713.0,India,12.4011,79.553
39449,Haraiya,9710.0,India,27.09,85.09
39451,Kottampatti,9709.0,India,10.6705,77.0194
39452,Sundarapandiyam,9709.0,India,9.6127,77.6738
39457,Lapanga,9708.0,India,23.6333,85.377
39463,Tiruvengadam,9705.0,India,9.2586,77.6748
39465,Periyapuliyur,9704.0,India,11.4296,77.6309
39466,Kannandahalli,9704.0,India,12.4164,78.3803
39467,Vanipenta,9704.0,India,14.7906,78.7805
39469,Punnavalli,9703.0,India,16.4062,80.401
39470,Bararam,9703.0,India,26.1572,84.3627
39471,Belsara,9703.0,India,26.0152,87.2023
39475,Pipra Dewas,9702.0,India,25.4636,86.0236
39476,Ātturkuppam,9702.0,India,12.6,78.5423
39482,Wadgira,9700.0,India,16.5858,77.098
39483,Tungavi,9700.0,India,10.6263,77.3294
39493,Zafargarh,9698.0,India,17.7686,79.4859
39494,Para,9697.0,India,23.52,86.52
39496,Pai Bigha,9695.0,India,25.0511,84.9226
39500,Latteri,9692.0,India,12.9712,79.0685
39513,Santamaguluru,9687.0,India,16.1303,79.9486
39514,Mohdra,9687.0,India,24.1849,79.9577
39515,Malhargarh,9687.0,India,24.2829,74.9902
39516,Velakkuttai,9687.0,India,12.6519,78.6937
39526,Jagtial,9682.0,India,18.7895,78.912
39538,Pulluru,9678.0,India,16.8301,80.6226
39539,Pondaluru,9678.0,India,14.2535,79.2408
39542,Makri,9676.0,India,24.386,83.5559
39543,Piprai,9676.0,India,24.5097,77.9642
39548,Pindra,9675.0,India,24.9595,80.7879
39554,Ottappidaram,9674.0,India,8.9127,78.0218
39561,Pathari,9671.0,India,23.9333,78.2167
39566,Makhar,9670.0,India,25.7693,86.6025
39571,Parmanpur,9667.0,India,26.1457,87.3122
39572,Laligam,9667.0,India,12.05,78.15
39573,Bithauli,9667.0,India,26.0219,86.0793
39577,Manrar,9666.0,India,25.8895,85.0643
39588,Thepaha Raja Ram,9662.0,India,26.2229,84.2523
39589,Reddippatti,9662.0,India,11.21,78.2166
39590,Pareo,9662.0,India,25.5582,84.8017
39592,Karimpur,9661.0,India,23.97,88.62
39593,Kishanpura Kalan,9661.0,India,30.9337,75.3499
39598,Dundankop,9658.0,India,16.14,74.81
39602,Dahua,9657.0,India,24.7742,87.0325
39604,Talapalli,9656.0,India,18.1158,78.57
39610,Barahbatta,9653.0,India,25.7727,85.7522
39612,Dandkhora,9651.0,India,25.5729,87.6472
39615,Tiruvambalapuram,9650.0,India,8.2514,77.7752
39616,Konidena,9650.0,India,16.0156,80.057
39619,Dhorgaon,9649.0,India,25.9545,86.8933
39626,Simrol,9647.0,India,22.5387,75.9111
39629,Ikkarai Boluvampatti,9645.0,India,10.9669,76.7996
39635,Nanjundapuram,9643.0,India,11.0857,76.8726
39636,Kataha,9643.0,India,26.7159,84.9424
39638,Beltangadi,9642.0,India,12.9795,75.2699
39644,Bendrahalli,9639.0,India,12.2642,78.3223
39645,Piploda,9639.0,India,23.6073,74.942
39646,Kathurah,9639.0,India,29.086,76.582
39650,Adamankottai,9638.0,India,12.0742,78.1237
39653,Bhagsar,9636.0,India,30.4417,74.4023
39663,Madari Hat,9631.0,India,26.7,89.2833
39670,Bochaha,9628.0,India,25.5675,85.7393
39677,Gundi,9625.0,India,18.6237,79.0923
39678,Nambutalai,9625.0,India,9.7277,79.0071
39694,Anantpur,9620.0,India,16.889,75.0146
39702,Tadhwa Nandpur,9617.0,India,26.7556,84.4326
39703,Babhantoli,9617.0,India,26.252,87.926
39712,Karadka,9613.0,India,12.5333,75.1333
39713,Masar,9613.0,India,25.5577,84.5767
39718,Gandlapenta,9611.0,India,14.05,78.3089
39721,Thogaduru,9609.0,India,12.0957,76.8078
39722,Kirlampudi,9609.0,India,17.1919,82.1825
39736,Bhawanandpur,9603.0,India,25.54,86.103
39742,Hindoli,9601.0,India,25.4,75.83
39751,Petua,9596.0,India,22.4143,88.4489
39753,Dobhawan,9595.0,India,25.3987,85.7856
39757,Gonikoppal,9592.0,India,12.183,75.9294
39758,Chavuttahalli,9592.0,India,12.4202,78.2352
39761,Chilpur,9591.0,India,18.2388,79.4529
39764,Kudayattur,9590.0,India,9.8167,76.7833
39766,Soanpeta,9589.0,India,18.9586,78.361
39767,Majali,9588.0,India,14.9,74.1
39769,Sulibele,9587.0,India,13.1667,77.8
39773,Pachhapur,9585.0,India,16.0955,74.6875
39774,Banaso,9585.0,India,23.9884,85.7866
39778,Enkakad,9584.0,India,10.65,76.25
39779,Ratnahalli,9584.0,India,12.3652,76.502
39780,Puduppattanam,9584.0,India,10.7626,79.1616
39783,Rellivalasa,9581.0,India,17.9108,83.41
39784,Talavadi,9581.0,India,11.778,77.0055
39786,Perumbalai,9579.0,India,11.9635,77.9375
39787,Pagidyala,9579.0,India,15.9333,78.3333
39788,Avanashipalaiyam,9579.0,India,10.9696,77.4352
39801,Parur,9572.0,India,11.5793,79.255
39805,Sarmera,9571.0,India,25.2564,85.7988
39808,Sanampudi,9570.0,India,16.086,79.835
39810,Gawan,9568.0,India,28.43,78.35
39811,Terkhed,9568.0,India,18.445,75.8367
39812,Ittikelakunta,9568.0,India,16.6797,81.7094
39816,Kochgawan,9567.0,India,25.0431,85.6279
39818,Nandamuru,9566.0,India,16.8458,81.6466
39820,Daulatpur,9565.0,India,25.3682,87.8983
39828,Baretha,9562.0,India,25.5258,87.4485
39837,Avalurpet,9560.0,India,12.38,79.3465
39838,Adesar,9560.0,India,23.5589,70.9833
39839,Mianpur Dubauli,9560.0,India,26.7381,84.4661
39841,Koranampatti,9559.0,India,11.6085,77.9049
39844,Palankottai,9558.0,India,9.1356,77.6952
39845,Bisaria,9558.0,India,25.9789,87.1003
39849,Parauli,9556.0,India,26.2227,84.7042
39850,Virapandiyanpattanam,9556.0,India,8.52,78.1181
39853,Kamargani,9555.0,India,22.5475,88.6606
39854,Vemulanarva,9554.0,India,16.992,80.2824
39861,Nazira,9552.0,India,22.218,88.2757
39864,Kondaparti,9551.0,India,17.9219,79.5373
39867,Ekalbehri,9550.0,India,21.8933,78.8794
39869,Vardhamankota,9548.0,India,17.3775,79.441
39873,Gobindpura,9547.0,India,30.2805,75.0187
39874,Dakpatthar,9547.0,India,30.4969,77.7989
39875,Kannulu,9547.0,India,12.8685,74.9025
39876,Sangi,9547.0,India,26.3237,86.4481
39878,Salehpur,9546.0,India,25.6119,87.2973
39879,Arrapalli,9546.0,India,18.0718,79.7386
39885,Thikri,9544.0,India,22.0634,75.4007
39886,Dabhaura,9544.0,India,25.1162,81.3044
39887,Naruar,9544.0,India,26.2388,86.2396
39891,Berchha,9543.0,India,23.2823,76.3199
39892,Gangadhar,9543.0,India,18.5883,79.011
39898,Dodarasinakere,9541.0,India,12.5083,77.02
39904,Kanhai,9539.0,India,25.9761,86.2898
39905,Udburu,9539.0,India,23.0333,85.3667
39911,Khundawandpur,9537.0,India,25.6689,86.0363
39916,Navani,9535.0,India,11.3709,78.138
39917,Ekhari,9535.0,India,26.5246,86.3071
39918,Khaspur,9535.0,India,25.6466,84.9936
39922,Jalkaura,9534.0,India,25.5034,86.3671
39930,Kaikaram,9532.0,India,16.812,81.366
39931,Vatakemuri,9532.0,India,10.43,76.12
39935,Rampur Rajwa,9531.0,India,25.7057,86.1781
39940,Somvarpet,9530.0,India,12.597,75.8496
39943,Mallampalli,9529.0,India,18.1105,79.8494
39948,Barwadih,9527.0,India,23.8478,84.1105
39949,Madhopur,9527.0,India,26.7369,85.0625
39960,Atari,9523.0,India,31.6008,74.6056
39964,Manbazar,9521.0,India,23.0615,86.6642
39965,Valaiyampattu,9521.0,India,12.6927,78.6347
39975,Madhura,9518.0,India,25.5418,87.5267
39983,Janapul,9515.0,India,22.8615,88.6868
39986,Ādivala,9514.0,India,13.9131,76.6619
39993,Kalladai,9511.0,India,10.7272,78.4634
39996,Manchenahalli,9510.0,India,13.5007,77.6035
39997,Rampur Parhat,9510.0,India,25.5916,87.1622
40000,Khagam,9508.0,India,27.32,95.9
40002,Trovagunta,9507.0,India,15.5509,80.0589
40007,Kujri,9505.0,India,26.2392,87.6366
40008,Ānjukulippatti,9505.0,India,10.2444,78.0794
40014,Dhantola,9503.0,India,26.2016,88.1095
40022,Bagor,9500.0,India,25.3575,74.3731
40023,Nathana,9500.0,India,30.3155,75.0931
40024,Ranigaon,9500.0,India,27.1,74.4167
40025,Mangrawan,9500.0,India,25.0929,84.3912
40032,Muddada,9497.0,India,18.2385,83.8687
40037,Ilami,9496.0,India,24.6776,87.8804
40038,Devmaudaldal,9496.0,India,24.6312,81.1594
40044,Baghduma,9493.0,India,24.8223,87.0116
40045,Kaithwar,9492.0,India,26.1678,86.2575
40046,Valtoha,9492.0,India,31.2074,74.6423
40051,Madhuban Bediban,9490.0,India,26.5062,84.9951
40052,Karath,9489.0,India,25.201,84.3672
40053,Mehdipur,9489.0,India,25.3902,86.7324
40059,Narayanraopet,9486.0,India,18.2114,78.7794
40060,Hesarghatta,9485.0,India,13.1391,77.4783
40061,Malaudh,9485.0,India,30.6333,75.9356
40062,Katigang,9484.0,India,25.4157,87.8245
40063,Nadimpalem,9484.0,India,16.2123,80.3097
40067,Ekchari,9482.0,India,25.2093,87.2159
40068,Viralimalai,9482.0,India,10.6023,78.5471
40073,Tepperumalnallur,9480.0,India,10.9694,79.4254
40074,Durgi,9480.0,India,16.4286,79.5406
40080,Periya Pattanam,9478.0,India,9.2726,78.9023
40083,Bimun,9476.0,India,34.0588,74.7539
40087,Molagavalli,9475.0,India,15.3567,77.3301
40094,Malaimachchampatti,9472.0,India,10.9058,77.005
40095,Israna,9472.0,India,29.2739,76.8461
40096,Sundarsi,9471.0,India,23.2688,76.4399
40104,Elurpatti,9469.0,India,11.0234,78.2844
40105,Asahni,9469.0,India,26.0079,84.4799
40107,Marne,9467.0,India,13.3284,75.0113
40108,Alawalpur,9467.0,India,31.4316,75.6561
40115,Uppur,9464.0,India,13.3945,74.7657
40124,Inole,9461.0,India,17.8682,79.5545
40138,Gold,9453.0,India,33.5874,74.1445
40140,Kerap,9452.0,India,24.8332,84.614
40147,Idumbavanam,9449.0,India,10.4224,79.6001
40148,Narsingi,9449.0,India,17.3876,78.357
40149,Bijeraghogarh,9449.0,India,23.9955,80.6066
40152,Khawad,9448.0,India,23.5443,72.4432
40153,Erikolam,9448.0,India,12.1333,75.2833
40155,Kadanadu,9447.0,India,11.4607,76.7182
40159,Kommuru,9444.0,India,16.065,80.3596
40160,Gonghaur,9444.0,India,26.4346,86.216
40167,Raitar,9441.0,India,25.0577,85.5366
40176,Dhanga,9438.0,India,26.463,86.0452
40177,Kankanalapalle,9438.0,India,15.9923,79.4848
40179,Pipra,9436.0,India,26.346,87.2916
40192,Chewara,9432.0,India,25.0756,85.9277
40198,Harlakhi,9427.0,India,26.6353,85.9842
40199,Rasol,9427.0,India,20.6298,85.3126
40200,Ghosrawan,9427.0,India,25.091,85.578
40201,Saidoke,9427.0,India,30.5267,75.2867
40205,Medleri,9426.0,India,14.6667,75.7333
40209,Khanpur Khairanti,9424.0,India,26.1456,84.3334
40210,Bairiya,9424.0,India,26.3392,84.8236
40213,Elurupadu,9423.0,India,16.5167,81.35
40218,Aurahi,9422.0,India,25.8263,87.1365
40219,Dibraghani,9422.0,India,25.8261,87.0664
40220,Vadakethara,9422.0,India,10.6583,76.4667
40221,Ghanipur Bejha,9422.0,India,25.9281,85.5548
40224,Basni,9421.0,India,25.4435,82.8291
40227,Budalur,9420.0,India,10.7861,78.9864
40228,Anjehalli,9420.0,India,12.1395,77.9808
40229,Naurhiya,9420.0,India,24.2069,82.5655
40233,Sadiqpur Maraul,9418.0,India,25.9966,85.5777
40234,Bendarhalli,9418.0,India,12.15,77.1
40235,Simarbani,9418.0,India,26.1953,87.1769
40236,Sivamalai,9418.0,India,11.0319,77.5384
40238,Jawasa,9416.0,India,26.6259,78.7418
40239,Bobil,9416.0,India,25.6269,86.8069
40242,Sarpamari,9415.0,India,26.3073,89.8666
40243,Nirna,9415.0,India,17.77,77.14
40247,Iawar,9414.0,India,23.0094,76.5007
40248,Khari,9414.0,India,33.389,75.1514
40254,Muhammadganj,9412.0,India,26.1506,87.0792
40259,Dharir,9411.0,India,22.3958,88.8628
40262,Kallayi,9410.0,India,12.0051,75.583
40278,Danau Kandimarg,9402.0,India,33.5646,74.9754
40279,Ramdeora,9402.0,India,27.01,71.92
40285,Ramkali,9399.0,India,22.4322,88.3285
40288,Pettampalaiyam,9398.0,India,11.3499,77.5706
40291,Devarapalle,9397.0,India,17.9886,82.9811
40292,Uppalaguptam,9397.0,India,16.5667,82.1
40299,Taisar,9394.0,India,22.4867,84.1804
40300,Hazrat Shiura,9393.0,India,25.5976,85.6119
40314,Vempatti,9387.0,India,17.4488,79.5992
40315,Jamunamukh,9387.0,India,26.1015,92.7426
40317,Ukwa,9385.0,India,21.971,80.4662
40318,Gaurdah,9385.0,India,25.7097,86.557
40325,Kadimetla,9382.0,India,15.7376,77.5385
40334,Jhabrera,9378.0,India,29.8091,77.7734
40335,Sarakkayhalli,9378.0,India,12.2191,78.048
40337,Kharagbani,9377.0,India,26.4852,86.3073
40338,Kakarati,9377.0,India,24.5639,80.2659
40344,Rangapuram,9375.0,India,15.4092,78.0746
40346,Tirubhuvane,9374.0,India,11.9281,79.6448
40350,Pumalakkundu,9373.0,India,9.8871,77.4498
40351,Bakharia,9373.0,India,26.7666,84.6619
40356,Ukhai Purbari Patti,9372.0,India,26.2471,84.4066
40367,Hamira,9370.0,India,31.4589,75.4304
40368,Barjhar,9370.0,India,22.6012,74.2471
40370,Hathaura,9369.0,India,26.1744,84.3294
40371,Chhapera,9369.0,India,23.8948,76.4538
40378,Tandarampattu,9366.0,India,12.1533,78.9473
40379,Baisuhalli,9365.0,India,12.2064,78.1906
40381,Barahpur,9364.0,India,25.4192,85.8762
40382,Langhnaj,9363.0,India,23.45,72.4833
40386,Tiruvaduturai,9362.0,India,11.0379,79.5215
40387,Muppalla,9362.0,India,16.3198,80.0927
40393,Tadangam,9360.0,India,12.1056,78.1226
40402,Bagchini,9357.0,India,26.4817,77.8185
40403,Mahalgaon,9357.0,India,26.0466,87.5774
40407,Bayaram,9354.0,India,18.0506,80.7375
40408,Kirangur,9354.0,India,12.4316,76.6993
40412,Chinnampalaiyam,9353.0,India,10.6604,77.0248
40419,Asudapuram,9350.0,India,15.878,78.132
40421,Chilmil,9349.0,India,25.4563,86.1364
40424,Chiman,9347.0,India,30.12,75.695
40426,Qutubpur,9346.0,India,25.6279,85.3684
40432,Barpathar,9344.0,India,26.2871,93.8884
40433,Kalaikunda,9344.0,India,22.3424,87.2265
40437,Ladhuka,9342.0,India,30.5082,74.0905
40441,Chandwara,9341.0,India,24.393,85.4798
40442,Bhogapuram,9341.0,India,18.0311,83.4967
40448,Parol,9339.0,India,32.346,75.4344
40454,Nattakkadaiyur,9337.0,India,11.0882,77.6637
40456,Katuria,9336.0,India,24.7476,86.7205
40457,Takkali,9336.0,India,8.2461,77.3186
40459,Mallappadi,9335.0,India,12.5273,78.3756
40468,Manteswar,9331.0,India,23.4225,88.1075
40469,Kesli,9331.0,India,23.4183,78.8062
40470,Nulivedu,9331.0,India,14.1002,78.5548
40472,Chinnakkavundanur,9329.0,India,11.4559,77.8673
40473,Boddikurapadu,9329.0,India,15.6591,79.7509
40474,Jaffar Khanpet,9329.0,India,18.6875,79.5411
40477,Tarawan,9328.0,India,24.7295,85.2529
40478,Pelagor,9328.0,India,25.5992,87.7214
40481,Sujapur,9325.0,India,25.4815,87.4435
40485,Sosale,9324.0,India,12.233,76.917
40493,Hasanpura,9321.0,India,26.0751,84.3618
40494,Nagayalanka,9321.0,India,15.95,80.9167
40497,Unao,9320.0,India,25.5784,78.6006
40498,Telkathu,9320.0,India,26.1124,84.3733
40499,Kalvarpatti,9320.0,India,10.625,77.9375
40502,Maihma Sarja,9319.0,India,30.311,74.8427
40503,Jahangirpur Salkhani,9319.0,India,25.8335,85.4795
40507,Baisa,9317.0,India,25.3552,86.7246
40509,Timmapuram,9315.0,India,15.4887,78.5744
40515,Rudraprayag,9313.0,India,30.28,78.98
40516,Janpur,9313.0,India,25.2958,84.8789
40520,Chianki,9312.0,India,24.0051,84.1098
40523,Ralla,9311.0,India,30.12,75.432
40524,Pangunattam,9311.0,India,12.1112,78.0123
40529,Rupahi,9307.0,India,26.411,92.74
40544,Patchur,9303.0,India,12.5949,78.4622
40545,Mariyadau,9303.0,India,24.2762,79.6559
40546,Satravada,9303.0,India,13.3201,79.5488
40551,Pasraha,9300.0,India,25.3973,86.7034
40557,Draksharama,9299.0,India,16.7928,82.0635
40558,Uranganpatti,9298.0,India,9.9984,78.4297
40561,Mumaradikop,9297.0,India,15.9,75.5
40564,Honganur,9296.0,India,12.6044,77.2175
40568,Isua,9295.0,India,25.233,85.843
40573,Kanajanahalli,9292.0,India,14.1092,76.8381
40574,Khandaich,9292.0,India,24.8511,86.2395
40577,Modavandisatyamangalam,9291.0,India,11.2635,77.7285
40578,Kharahara,9291.0,India,24.9142,87.0006
40586,Dahi,9288.0,India,22.1122,74.5879
40591,Asarhi,9286.0,India,25.2892,85.2189
40596,Lagunia Raghukanth,9284.0,India,25.8195,85.7725
40597,Kollankulam,9284.0,India,8.7964,77.5681
40599,Kunnattur,9282.0,India,11.2727,77.4107
40600,Uppalapadu,9282.0,India,16.3862,79.9983
40615,Chicholi,9278.0,India,22.01,77.66
40626,Majhariya,9275.0,India,26.8696,84.8771
40627,Bhachhi,9275.0,India,26.3404,86.0585
40634,Thakurainia,9274.0,India,26.2098,86.0191
40636,Bhadran,9273.0,India,22.3593,72.9005
40647,Ānandpur,9270.0,India,25.6192,84.8673
40648,Gainrha,9270.0,India,25.9916,87.4648
40652,Deokali,9269.0,India,25.9068,86.1111
40655,Rajapudi,9267.0,India,17.2122,82.0064
40656,Punnaikkayal,9267.0,India,8.6322,78.1119
40658,Oppicherla,9266.0,India,16.4444,79.6967
40661,Pappampatti,9265.0,India,10.4446,77.4048
40664,Alukkuli,9263.0,India,11.4458,77.3574
40665,Chilakhana,9263.0,India,26.299,89.5892
40681,Itiki,9258.0,India,14.951,76.0944
40682,Barnaon,9258.0,India,25.4809,84.525
40689,Pedda Tumbalam,9256.0,India,15.6328,77.1036
40700,Ganaram,9250.0,India,18.5275,78.245
40701,Algun,9250.0,India,31.2795,74.6517
40702,Samalpur,9250.0,India,25.1961,88.0419
40708,Gandikunta,9248.0,India,16.1693,80.9443
40711,Bendapudi,9247.0,India,17.2673,82.3758
40712,Katteragandla,9247.0,India,15.0091,78.9584
40714,Sitanagaram,9246.0,India,16.2403,80.5817
40722,Harbatpur,9242.0,India,30.45,77.73
40725,Chunakhali,9241.0,India,22.301,88.7951
40733,Iarpur,9238.0,India,22.2998,88.2994
40734,Raipur Buzurg,9238.0,India,25.7118,85.6956
40739,Mamidipalli,9236.0,India,17.2516,78.4521
40740,Aranya Kalan,9236.0,India,23.2448,76.7435
40741,Nutakki,9236.0,India,16.2922,80.3324
40751,Kahla,9233.0,India,26.3747,84.5433
40754,Sandalpur,9232.0,India,25.5639,87.5082
40759,Karsaut,9230.0,India,26.1298,84.4825
40760,Vallapuram,9230.0,India,11.4,78.88
40766,Kondrukota,9228.0,India,17.3477,81.6041
40767,Vaikuntam,9228.0,India,11.5197,77.9398
40772,Kaujalgi,9227.0,India,16.14,74.81
40781,Kondayampalaiyam,9224.0,India,11.513,77.4371
40784,Jajireddigudem,9223.0,India,17.3278,79.5711
40788,Gudimulakhandrika,9222.0,India,16.382,81.7335
40792,Gandhwani,9220.0,India,22.34,75.0048
40793,Badagabettu,9220.0,India,13.3335,74.7999
40794,Vallahbhapuram,9220.0,India,16.3528,80.7175
40795,Gangaura Behra,9220.0,India,25.9541,86.5482
40805,Badnor,9217.0,India,25.8355,74.2775
40806,Nonea,9217.0,India,26.9746,84.8768
40807,Saraunja,9217.0,India,25.769,86.5273
40808,Kandiyankovil,9217.0,India,11.0147,77.4695
40810,Ottapparai,9216.0,India,11.1936,77.5964
40811,Swamimalai,9216.0,India,10.9575,79.3293
40815,Ghattupal,9213.0,India,17.0725,78.9239
40819,Kharika,9212.0,India,25.7173,85.1256
40820,Kodakkal,9212.0,India,13.0685,79.4149
40824,Kannavam,9211.0,India,11.8333,75.6667
40829,Jambukuttaippatti,9209.0,India,12.3246,78.3443
40830,Chokkalingapuram,9209.0,India,10.193,78.3973
40831,Badanahatti,9209.0,India,15.3176,76.8258
40849,Vadavalam,9201.0,India,10.4286,78.8913
40850,Irungalur,9201.0,India,10.9399,78.7619
40854,Gothurutha,9200.0,India,10.1862,76.2013
40855,Ramayipatti,9200.0,India,11.472,78.2109
40860,Laheji,9199.0,India,26.0957,84.4009
40864,Damargidda,9197.0,India,16.8189,77.5031
40867,Jamhra,9196.0,India,25.7777,86.7899
40868,Susari,9196.0,India,22.1797,74.7577
40869,Valkurti,9196.0,India,18.7171,79.3823
40877,Muli,9191.0,India,22.6388,71.458
40883,Chalkari,9189.0,India,23.758,85.954
40884,Shirguppi,9189.0,India,16.72,75.06
40885,Jogaili,9188.0,India,25.9096,87.4061
40891,Chikkala,9185.0,India,16.9698,81.5922
40892,Sewa,9185.0,India,24.8753,86.3257
40898,Jagannadapuram,9183.0,India,13.2745,80.1802
40899,Himmatpura,9183.0,India,30.5271,75.3627
40900,Rajepur,9183.0,India,25.5377,85.6228
40901,Sukkampatti,9183.0,India,10.5267,78.1728
40907,Hirehalli,9181.0,India,14.5255,76.6634
40910,Harpur Bhindi,9179.0,India,25.7746,85.6563
40914,Madepalli,9177.0,India,12.5491,78.34
40915,Nelali,9177.0,India,10.9282,77.4832
40919,Budhma,9176.0,India,25.6451,86.8317
40953,Dommasandra,9165.0,India,12.8781,77.7543
40967,Op,9160.0,India,25.2092,85.3019
40970,Sampgaon,9159.0,India,15.79,74.75
40971,Banbhag,9159.0,India,25.7919,87.414
40972,Bariariya Tola Rajpur,9159.0,India,26.4567,84.7043
40975,Halgeri,9158.0,India,14.5551,75.6099
40979,Sungal,9156.0,India,32.9392,74.6935
40980,Pilikodu,9156.0,India,12.1903,75.1667
40987,Fateh Nangal,9154.0,India,31.9453,75.3191
40994,Morubagalu,9152.0,India,13.9702,77.0411
40995,Anjur,9152.0,India,10.5992,76.1553
40996,Narayanpur,9152.0,India,17.8589,76.9733
41000,Belakvadi,9151.0,India,12.255,77.1225
41004,Chinnayagudem,9150.0,India,17.047,81.481
41017,Sansa,9148.0,India,25.0291,84.4597
41024,Mangasamudram,9146.0,India,13.2291,79.0909
41036,Kaithahi,9142.0,India,26.3488,86.1521
41037,Damu,9141.0,India,26.5461,85.982
41038,Sibkund,9141.0,India,25.3041,86.399
41039,Nerinjippettai,9141.0,India,11.6543,77.7586
41046,Dihri,9138.0,India,25.3796,85.5376
41047,Bhargaon,9138.0,India,26.075,87.1483
41063,Malingaon,9132.0,India,26.356,87.9614
41069,Govindapalle,9130.0,India,15.3525,78.5224
41070,Yenmangandla,9130.0,India,16.8839,78.0332
41073,Mokri,9129.0,India,25.0184,83.5633
41083,Chitrada,9122.0,India,17.0802,82.2469
41084,Nandiyalam,9122.0,India,12.9237,79.2635
41090,Tettu,9121.0,India,13.6275,78.4322
41098,Bamaiya Harlal,9119.0,India,25.6664,85.8802
41099,Killimangalam,9119.0,India,10.7167,76.35
41102,Kongnolli,9118.0,India,16.42,74.58
41104,Alawandi,9117.0,India,15.2303,75.9801
41105,Kaglipur,9117.0,India,12.8006,77.5082
41109,Phagu,9115.0,India,26.95,88.7
41110,Sihali Jagir,9115.0,India,28.7997,78.2628
41113,Kuduru,9114.0,India,13.111,77.1479
41118,Pattiswaram,9113.0,India,10.9253,79.3424
41128,Miryal,9110.0,India,17.5661,78.8095
41129,Odayarpatti,9110.0,India,11.6663,78.2144
41135,Prabhat Pattan,9109.0,India,21.6407,78.2722
41138,Uchti,9108.0,India,25.9197,86.2544
41139,Satghara,9108.0,India,26.3977,86.1678
41141,Tekpanja,9107.0,India,22.2086,88.3122
41142,Govindapuram,9106.0,India,16.1548,80.1027
41146,Kod,9105.0,India,22.885,75.1862
41147,Chaukhata,9103.0,India,25.0247,81.7375
41148,Datian,9102.0,India,25.4379,87.8378
41156,Gok,9100.0,India,27.1065,88.2459
41167,Ambara,9097.0,India,22.1902,78.6708
41172,Sogam,9094.0,India,34.5014,74.3823
41176,Kenar,9093.0,India,25.2916,85.7416
41179,Davuluru,9092.0,India,16.2625,80.7436
41186,Koila Belwa,9090.0,India,26.3753,84.9986
41187,Yeldurti,9090.0,India,17.9074,78.3721
41190,Dasaut,9088.0,India,25.8997,86.0964
41191,Hokur Badasgom,9088.0,India,33.6503,75.2359
41192,Haripura,9088.0,India,34.0601,74.7125
41196,Bimawan,9086.0,India,25.5111,84.4946
41199,Mauji,9085.0,India,25.6585,86.2313
41202,Majhaulia,9084.0,India,25.9635,85.5738
41203,Periyamuttur,9084.0,India,12.463,78.1969
41207,Hussepur,9082.0,India,26.1801,84.9408
41208,Daita,9081.0,India,24.3497,87.9342
41210,Velampatti,9080.0,India,10.2311,78.2294
41212,Bageshwar,9079.0,India,29.838,79.771
41214,Andiyappanur,9078.0,India,12.5342,78.7024
41217,Mirzanagar,9077.0,India,25.7726,85.3804
41219,Kanasanapalle,9076.0,India,16.5227,80.7772
41220,Gurmia,9076.0,India,25.819,85.2295
41222,Jamunia,9075.0,India,25.3676,87.0477
41228,Suganwan,9073.0,India,25.1176,85.0022
41235,Pedda Mupparam,9071.0,India,17.4792,79.6817
41236,Marai Kalan,9071.0,India,24.0211,85.3506
41239,Hagaranahalli,9070.0,India,12.3677,76.4173
41244,Fatehpur Bala,9069.0,India,25.8338,85.6928
41247,Viravada,9068.0,India,17.1194,82.211
41248,Gidha,9068.0,India,26.0507,86.8176
41250,Ghat Borul,9067.0,India,17.77,77.14
41255,Puttai,9065.0,India,11.8957,78.8874
41263,Venkatadripalem,9063.0,India,16.0506,79.217
41270,Sarauni,9061.0,India,24.8613,85.8712
41276,Uppugunduru,9060.0,India,15.673,80.167
41287,Tala,9055.0,India,24.3735,81.1989
41293,Udarband,9051.0,India,24.8698,92.8694
41294,Ayanikkad,9051.0,India,10.458,76.126
41307,Manoke,9048.0,India,30.675,75.456
41309,Mamnur,9047.0,India,17.9092,79.5926
41312,Khasbalanda,9046.0,India,22.5881,88.6887
41319,Janhapara,9042.0,India,21.339,83.731
41328,Warkan,9040.0,India,25.0331,72.6862
41329,Dadrewa,9040.0,India,28.6728,75.2328
41333,Charakunda,9039.0,India,16.6916,78.7054
41343,Tajpur,9036.0,India,25.9022,84.5055
41347,Gohi Bishunpur,9034.0,India,25.9275,85.8626
41362,Kurichedu,9027.0,India,15.9,79.5833
41363,Kannal,9027.0,India,18.6938,79.4288
41366,Rampur Khajuriya,9024.0,India,26.3923,84.7688
41375,Sahapur,9022.0,India,22.52,88.17
41383,Nadol,9020.0,India,25.367,73.45
41385,Kaniwara,9019.0,India,22.2145,79.7366
41388,Moman Barodiya,9018.0,India,23.6042,76.3364
41390,Babai Kalan,9016.0,India,22.8313,78.6774
41396,Dhauni,9015.0,India,24.9901,87.0011
41397,Madhurapur,9015.0,India,25.9456,85.9759
41400,Basdeopur,9014.0,India,25.3909,86.6821
41401,Hatti Mattur,9014.0,India,14.9435,75.4239
41408,Harua,9012.0,India,24.5257,87.9898
41411,Moranha,9010.0,India,27.1874,94.9156
41415,Mishrikot,9006.0,India,15.2465,75.0567
41422,Kambaneri Pudukkudi,9003.0,India,9.0685,77.3795
41424,Madhavaram,9001.0,India,16.89,81.5937
41429,Jangalapalli,9000.0,India,14.4818,79.8906
41430,Urpaar,9000.0,India,31.0537,75.9652
41431,Lohara,9000.0,India,29.1667,77.2167
41432,Ugamedi,9000.0,India,22.001,71.6481
41433,Tikar,9000.0,India,23.15,71.1
41497,Patut,8999.0,India,25.4658,84.814
41498,Hetanpur,8999.0,India,25.5821,85.5495
41499,Kalicherla,8999.0,India,13.8833,78.5333
41502,Dholbaja,8997.0,India,26.2674,87.2761
41507,Hirehaluhosahalli,8996.0,India,15.0105,76.836
41511,Rajod,8995.0,India,22.9501,75.064
41512,Panasapadu,8994.0,India,17.0185,82.2349
41516,Settivaripalle,8993.0,India,14.7543,78.7649
41517,Peddannavaripalle,8993.0,India,14.2535,78.3384
41521,Devanangurichchi,8991.0,India,11.3895,77.8547
41526,Kandra,8990.0,India,22.8517,86.0519
41530,Gudluru,8989.0,India,15.0667,79.9
41531,Chundale,8989.0,India,11.5739,76.0578
41538,Kanchanpalli,8987.0,India,17.7427,79.3128
41547,Telaprolu,8984.0,India,16.586,80.89
41550,Seydunganallur,8983.0,India,8.6624,77.8293
41553,Khiriawan,8982.0,India,25.112,84.4017
41557,Kattamuru,8980.0,India,17.08,82.13
41564,Hosuru,8978.0,India,15.3797,77.4598
41565,Sanganakallu,8978.0,India,15.1847,76.9703
41566,Pulimakkal,8978.0,India,9.65,76.7167
41569,Pedda Pendyala,8977.0,India,17.923,79.4085
41574,Ponnada,8974.0,India,18.2536,83.9012
41575,Bhirua,8974.0,India,25.8509,86.3319
41576,Barwan,8974.0,India,23.9379,87.935
41580,Yekambarakuppam,8972.0,India,13.3168,79.5678
41583,Talevad,8971.0,India,17.17,75.96
41585,Mahamda,8970.0,India,25.8108,84.7874
41586,Pararia,8970.0,India,25.6492,86.7501
41593,Lolokhur,8968.0,India,26.4136,87.4012
41603,Kharsawan,8965.0,India,22.7909,85.831
41605,Mudgere,8962.0,India,13.137,75.606
41607,Tovala,8961.0,India,8.2312,77.506
41612,Ūnagatla,8958.0,India,16.9611,81.661
41617,Sarenja,8957.0,India,25.4449,83.8942
41618,Gazulapalle,8957.0,India,15.4036,78.6176
41625,Sanchi,8954.0,India,23.4865,77.7378
41630,Bayyavaram,8953.0,India,17.6638,82.942
41631,Kusmaul,8953.0,India,26.1911,87.1311
41643,Karadge,8949.0,India,16.42,74.58
41644,Phulhara,8949.0,India,25.8937,86.13
41645,Vanavasi,8949.0,India,11.7523,77.8779
41652,Sambhu Chak,8948.0,India,26.4081,84.9227
41653,Bawana,8948.0,India,28.762,77.063
41661,Baba Bakala,8946.0,India,31.555,75.2656
41664,Bhelsi,8945.0,India,24.7866,79.1281
41665,Jasauli Patti,8945.0,India,26.4912,84.8818
41666,Dalavaypattanam,8945.0,India,10.6747,77.4845
41669,Chitvel,8943.0,India,14.1667,79.3333
41674,Munagala,8942.0,India,17.05,79.8333
41677,Corgao,8941.0,India,15.7096,73.7497
41678,Bikkatti,8941.0,India,11.3741,76.7513
41679,Yellanda,8941.0,India,17.7929,79.5912
41680,Esanai,8941.0,India,11.3004,78.8314
41681,Malior,8941.0,India,25.39,87.8473
41682,Kotabommali,8941.0,India,18.5333,84.1667
41692,Borio,8939.0,India,25.0344,87.5925
41693,Ramgarha,8939.0,India,25.7983,84.9592
41704,Khagaur,8935.0,India,25.1744,86.1021
41708,Chinna Kalaiyamputtur,8933.0,India,10.4714,77.4657
41715,Guttikonda,8931.0,India,16.43,79.834
41727,Kovvali,8925.0,India,16.7333,81.1667
41730,Balvadi,8924.0,India,21.4412,75.223
41732,Cholavaram,8923.0,India,13.2389,80.1627
41738,Ramapattanam,8921.0,India,10.7106,76.9183
41742,Mangalpur Gudaria,8920.0,India,26.6513,84.4832
41743,Nanguneri,8920.0,India,8.4906,77.6588
41747,Khoragachhi,8919.0,India,26.3344,87.5411
41753,Barhagarh,8916.0,India,19.645,84.4079
41758,Penaballi,8915.0,India,17.2103,80.6978
41759,Kilankundal,8915.0,India,10.7543,77.7269
41768,Periyapodu,8910.0,India,10.6099,76.8786
41777,Segarai,8908.0,India,10.73,79.5111
41780,Basaha,8907.0,India,26.1329,86.748
41781,Channubanda,8907.0,India,17.0331,80.8056
41786,Ayas,8906.0,India,24.2508,87.7784
41787,Bhadwar,8906.0,India,25.5576,84.7559
41792,Lakhanapuram,8904.0,India,18.7504,83.5534
41794,Potangal,8903.0,India,18.5661,77.7742
41798,Tullukuttinayakkanur,8902.0,India,9.8149,77.6808
41800,Vadasikarambattu,8900.0,India,11.6446,79.6882
41804,Karor,8899.0,India,25.6018,86.093
41809,Punjai Lakkapuram,8896.0,India,11.305,77.7554
41810,Kishtwar,8896.0,India,33.3135,75.7673
41814,Wabagai,8895.0,India,24.5309,93.9376
41819,Kanhauli,8890.0,India,26.4815,86.1876
41820,Tummalacheruvu,8889.0,India,16.5249,79.7989
41830,Allahpur,8887.0,India,26.3434,77.8195
41836,Melpanaikkadu,8886.0,India,10.2599,79.1169
41844,Tharike,8884.0,India,30.8758,75.7756
41851,Rewahi,8882.0,India,26.2698,87.2124
41853,Palangavangudi,8880.0,India,10.7244,78.8108
41856,Majhariya Sheikh,8879.0,India,26.7356,84.642
41858,Polakala,8878.0,India,13.3206,78.799
41861,Makaya,8877.0,India,25.271,87.8897
41862,Gurmaila,8877.0,India,25.4829,87.349
41863,Alwa Tirunagari,8876.0,India,8.61,77.94
41865,Khem Karan Saray,8875.0,India,25.1233,84.8117
41866,Balumath,8875.0,India,23.8298,84.7888
41867,Nanan,8875.0,India,25.0905,85.5031
41868,Bhagatpur,8875.0,India,25.4098,86.3076
41870,Padakanti,8874.0,India,18.6942,78.2842
41871,Kharsod B,8873.0,India,23.2225,75.386
41872,Mosrah,8873.0,India,18.6155,77.9718
41875,Khandrauli,8871.0,India,29.3888,77.2793
41878,Bhataulia,8870.0,India,26.4771,84.7789
41879,Āgadallanka,8870.0,India,16.7123,81.2732
41881,Ghorbanki,8869.0,India,26.5697,86.0484
41886,Mallaram,8867.0,India,18.754,78.112
41887,Gangapatnam,8867.0,India,14.5237,80.1521
41888,Dara,8867.0,India,26.1546,86.4483
41892,Kambur,8866.0,India,10.1599,78.3264
41893,Golakpur,8866.0,India,25.1777,85.0728
41894,Chiranellur,8866.0,India,10.6344,76.1378
41896,Kanakpur,8865.0,India,24.4976,88.0361
41897,Ainapur,8865.0,India,16.48,74.78
41898,Katahra,8865.0,India,26.2235,87.0643
41903,Mannamangalam,8863.0,India,10.4944,76.3361
41904,Muriyad,8863.0,India,10.3667,76.2667
41912,Pullalacheruvu,8861.0,India,16.1589,79.3986
41913,Sirikonda,8861.0,India,17.1667,79.7
41914,Jogiara,8861.0,India,26.4083,85.75
41915,Gondauli,8861.0,India,27.83,77.88
41928,Vannikkonendal,8857.0,India,8.9959,77.6245
41930,Amtala,8854.0,India,26.1,91.39
41931,Sulahpet,8853.0,India,17.4014,77.3472
41934,Mandalavadi,8851.0,India,12.6073,78.6055
41935,Sakaddi,8851.0,India,25.5771,84.7554
41940,Keora,8850.0,India,25.4374,85.0726
41941,Kadiyadda,8850.0,India,16.8774,81.5149
41942,Khetko,8850.0,India,23.7554,85.9122
41945,Shankarpur,8849.0,India,26.1821,87.1552
41949,Malangam,8847.0,India,34.4383,74.5575
41952,Jaimalpura,8846.0,India,28.9619,75.9569
41953,Karariya,8846.0,India,26.5249,84.791
41955,Tirumalaippatti,8845.0,India,11.0,21.0
41957,Sewari,8844.0,India,25.1,73.283
41958,Kalkuni,8844.0,India,14.6,74.8333
41959,Nimmekal,8844.0,India,17.2372,79.6633
41966,Nellutla,8842.0,India,17.7034,79.1956
41967,Pallippatti,8842.0,India,11.8722,77.897
41970,Madnur,8841.0,India,18.5,77.6333
41974,Chak Habib,8840.0,India,25.7238,85.8789
41981,Vinjam,8837.0,India,13.2544,79.263
41984,Timmapuram,8836.0,India,17.1036,81.0781
41985,Madanancheri,8836.0,India,12.7034,78.5991
41995,Sanwas,8833.0,India,25.1795,85.7148
42004,Ablu,8830.0,India,30.3391,74.7879
42005,Tamganj,8830.0,India,26.2478,87.1569
42010,Hamsavaram,8828.0,India,17.2938,82.4942
42020,Mahagaon,8825.0,India,17.5211,76.915
42024,Satwar,8824.0,India,26.2163,84.512
42025,Ramgarh,8824.0,India,25.2889,83.6535
42033,Jonnagiri,8821.0,India,15.2303,77.5714
42034,Chakla Waini,8821.0,India,25.9081,85.6836
42035,Kodavatipudi,8821.0,India,17.4887,82.6046
42040,Valasa,8818.0,India,14.1632,76.9469
42042,Basmanpur,8817.0,India,26.6433,84.9789
42043,Vadapalanji,8817.0,India,9.9266,78.0096
42046,Adigoppula,8816.0,India,16.4402,79.6235
42052,Rangvasa,8814.0,India,22.6435,75.7886
42057,Mansong,8812.0,India,27.1628,88.5661
42063,Barun,8811.0,India,24.8602,84.2232
42064,Sorala,8811.0,India,19.1297,84.7506
42076,Malipakar,8807.0,India,25.3567,87.9005
42089,Iklod,8803.0,India,26.0222,77.3208
42090,Dhobipet,8803.0,India,17.4716,78.087
42098,Ranjal,8802.0,India,18.7458,77.9483
42100,Tillaivilagam,8801.0,India,10.4127,79.5547
42110,Penugolanu,8797.0,India,16.9771,80.4369
42111,Vanduvancheri,8797.0,India,10.4292,79.6498
42118,Bommayapalaiyam,8796.0,India,11.9922,79.8499
42120,Maisaram,8795.0,India,17.1329,78.4367
42123,Baikunthapur,8794.0,India,22.9808,88.2058
42135,Rautara,8791.0,India,25.663,87.5378
42143,Miyar,8789.0,India,13.1945,75.0484
42148,Varatanapalli,8788.0,India,12.5828,78.302
42149,Gholia Kalan,8788.0,India,30.6726,75.18
42160,Sowan,8785.0,India,25.554,84.2334
42164,Dharawat,8784.0,India,25.0592,85.042
42172,Bhasaula Danapur,8781.0,India,25.5509,85.0308
42173,Garsekurti,8781.0,India,18.5083,78.9774
42178,Kampel,8780.0,India,22.6167,76.05
42179,Bachchannapet,8779.0,India,17.7883,79.0349
42180,Yelandur,8779.0,India,12.07,77.03
42181,Kunimedu,8779.0,India,12.0885,79.894
42183,Bundehra,8778.0,India,25.3776,86.7376
42188,Adiyakkamangalam,8776.0,India,10.7626,79.6775
42190,Deodora,8775.0,India,22.6149,80.3616
42192,Somarasampettai,8774.0,India,10.8125,78.6342
42193,Kusumbe,8774.0,India,20.9167,74.65
42203,Paratdiha,8771.0,India,24.1638,86.307
42207,Muturkha,8770.0,India,24.1044,86.2855
42212,Kirrayach,8768.0,India,26.6322,78.3423
42215,Chinna Mupparam,8767.0,India,17.6319,79.8411
42216,Hirni,8767.0,India,25.8323,86.2806
42218,Sriramapuram,8766.0,India,16.18,80.29
42219,Hardiya,8766.0,India,25.5301,84.4961
42223,Īdupugallu,8764.0,India,16.4609,80.7543
42225,Rampatti,8763.0,India,26.3333,86.15
42226,Vidapanakallu,8763.0,India,15.0667,77.1833
42229,Abiramam,8762.0,India,9.4423,78.4399
42234,Zulakallu,8760.0,India,16.4442,79.7874
42235,Pukkulam,8760.0,India,9.277,78.9938
42238,Rani Sawargaon,8758.0,India,18.9655,76.7493
42244,Shiu,8756.0,India,34.2372,74.3423
42245,Hiramandalam,8756.0,India,18.6708,83.9505
42247,Damal,8755.0,India,12.886,79.5922
42248,Budamangalam,8755.0,India,12.3792,79.2308
42251,Angichettippalaiyam,8754.0,India,11.7742,79.5255
42256,Pasivedalajimma,8751.0,India,16.9952,81.7
42257,Tilvalli,8750.0,India,14.6268,75.231
42260,Reddipalle,8749.0,India,14.1998,78.0104
42265,Sanrha,8748.0,India,25.7979,84.7504
42272,Jabera,8746.0,India,23.5582,79.678
42273,Ranod,8746.0,India,25.0748,77.8761
42280,Kanavaypudur,8745.0,India,11.9282,78.1832
42281,Rahta,8745.0,India,25.9213,86.9734
42286,Teranikallu,8743.0,India,15.6392,77.5303
42287,Dhanauli,8743.0,India,26.0026,86.0251
42291,Olalapadi,8742.0,India,10.7979,76.8923
42292,Pullanvidudi,8742.0,India,10.359,79.088
42293,Vadakadu,8742.0,India,10.3418,79.0609
42296,Hakka,8741.0,India,25.9163,87.6474
42297,Pedda Nindrakolanu,8741.0,India,16.7342,81.3941
42301,Rudravaram,8740.0,India,15.2436,78.605
42304,Sanjat,8739.0,India,25.6046,86.0199
42309,Malaimarpuram,8737.0,India,14.2096,79.3072
42310,Mirchpur,8737.0,India,29.316,76.1755
42320,Bhui,8735.0,India,25.0894,85.3888
42321,Ekangar Sarai,8735.0,India,25.2234,85.2298
42322,Velakalnattam,8735.0,India,12.5505,78.4429
42323,Bharno,8735.0,India,23.2204,84.8891
42327,Gundumal,8734.0,India,16.8939,77.7112
42330,Karuveppampatti,8733.0,India,11.3983,77.8746
42331,Satgachia,8733.0,India,23.2641,88.16
42333,Jalalkhera,8732.0,India,21.4392,78.7719
42337,Majra,8730.0,India,25.7131,87.3637
42338,Nagaiyampatti,8729.0,India,11.4639,78.4801
42343,Tsrar Sharif,8727.0,India,33.8632,74.7652
42344,Pendekallu,8727.0,India,15.3753,77.6242
42347,Narona,8725.0,India,17.5156,76.7182
42353,Ragampet,8723.0,India,18.6383,79.1441
42357,Pillutla,8722.0,India,16.539,79.9044
42363,Virapalle,8720.0,India,14.1556,78.8569
42366,Navappatti,8718.0,India,11.7393,77.7836
42367,Punnappatti,8717.0,India,10.2243,78.1982
42373,Angallu,8715.0,India,13.6287,78.4857
42374,Barbana,8715.0,India,26.0719,87.2539
42375,Akalgarh,8715.0,India,30.8019,75.8582
42376,Bommagondanahalli,8715.0,India,13.8984,77.0733
42379,Azizpur Chande,8714.0,India,25.7932,85.5945
42382,Uchen,8713.0,India,27.0931,77.4097
42392,Sohta,8709.0,India,26.2149,87.0826
42393,Doiwala,8709.0,India,30.1758,78.1242
42398,Gangajalghati,8708.0,India,23.42,87.12
42404,Bhanuvalli,8706.0,India,14.4333,75.7667
42410,Janglot,8704.0,India,32.4353,75.5231
42421,Sini,8700.0,India,22.7933,85.9454
42430,Vadacheri,8698.0,India,10.7324,78.5261
42431,Raia,8698.0,India,15.4969,73.8089
42432,Pulivalam,8698.0,India,10.7525,79.6352
42440,Tonk Khurd,8696.0,India,23.0983,76.2155
42443,Karadipara,8695.0,India,10.55,76.5833
42447,Pokhraira,8694.0,India,26.0711,85.2034
42448,Pappakudi,8694.0,India,8.752,77.5026
42452,Nattarasankottai,8693.0,India,9.869,78.5531
42457,Mirdoddi,8692.0,India,18.0786,78.677
42464,Dharhwa,8689.0,India,26.9104,84.2769
42467,Gadaul,8688.0,India,26.1287,86.2375
42468,Katridih,8688.0,India,25.0829,85.6334
42469,Painkulam,8688.0,India,10.7375,76.3125
42470,Koshanam,8688.0,India,11.3701,77.3523
42489,Murajpur,8682.0,India,25.9506,86.4713
42490,Gobindpur,8682.0,India,24.782,85.6943
42491,Bagalvad,8682.0,India,16.0528,76.8877
42493,Kambhampadu,8681.0,India,16.5078,79.4825
42500,Pyalakurti,8680.0,India,15.7286,77.8168
42501,Kursaha,8680.0,India,25.5588,85.6875
42505,Suttamalli,8679.0,India,8.6987,77.6323
42506,Kottur,8679.0,India,9.9038,77.4071
42516,Chakand,8677.0,India,24.8907,84.9761
42517,Guntapalli,8677.0,India,14.7385,79.04
42531,Herseh Chhina,8673.0,India,31.7453,74.783
42533,Bhatkhori,8672.0,India,25.9156,86.9072
42534,Parasbani,8672.0,India,25.8249,87.2983
42553,Amiawar,8667.0,India,25.0405,84.3096
42557,Mustafabad,8665.0,India,18.2787,78.7108
42558,Jujharpur,8665.0,India,25.7514,87.9634
42561,Pathraha,8664.0,India,26.433,87.0743
42565,Harike,8662.0,India,31.1663,74.9418
42568,Chintakommadinne,8661.0,India,14.4267,78.7618
42575,Nagdah,8658.0,India,26.25,86.0
42577,Tumberi,8657.0,India,12.6986,78.5856
42578,Dilawarpur,8657.0,India,19.0908,78.2275
42584,Belhatti,8656.0,India,15.0818,75.6465
42593,Eduttavaynattam,8653.0,India,11.8057,78.827
42594,Bikrampur Bande,8653.0,India,25.8415,85.7424
42595,Chak Pahar,8652.0,India,25.7986,85.6218
42603,Salar,8649.0,India,33.8789,75.2485
42607,Thathupur,8648.0,India,25.9731,86.0296
42608,Vanukuru,8648.0,India,16.4406,80.7379
42609,Kottadindulu,8648.0,India,16.3518,81.5915
42611,Belvadi,8647.0,India,15.7146,74.9167
42616,Bishamagiri,8646.0,India,19.3849,84.4715
42618,Dirusumarru,8645.0,India,16.4722,81.5295
42621,Nandnawan,8644.0,India,25.0785,86.096
42635,Sobhapur,8639.0,India,22.7737,78.2638
42639,Kaoni,8638.0,India,30.4,74.663
42640,Mahadipur,8638.0,India,24.8566,88.1248
42645,Bisaul,8636.0,India,26.6151,85.993
42651,Pinjranwan,8635.0,India,25.1702,84.8203
42659,Rangwasa,8632.0,India,22.6419,75.7893
42665,Parsad,8630.0,India,26.1586,86.3579
42666,Tokatippa,8630.0,India,16.2836,81.5024
42674,Gokhulapur,8628.0,India,26.2479,87.1137
42675,Ulatu,8628.0,India,23.2766,85.5012
42678,Kilakkurichchi,8627.0,India,10.7645,78.7406
42679,Kattirippulam,8627.0,India,10.464,79.7597
42680,Rajhanpur,8627.0,India,25.7885,86.4647
42685,Midalam,8625.0,India,8.206,77.216
42686,Khandauli,8625.0,India,27.3125,78.0289
42695,Basrur,8622.0,India,13.6308,74.7377
42696,Mannegudam,8622.0,India,17.4601,79.9177
42697,Chettiyapatti,8622.0,India,10.424,77.8228
42701,Segaon,8620.0,India,21.8585,75.3293
42704,Tarazu,8619.0,India,34.2714,74.5009
42705,Panjampatti,8619.0,India,10.3178,77.9263
42706,Hathiakan,8619.0,India,25.606,84.9997
42711,Hire Vadvatti,8618.0,India,15.2235,75.7831
42712,Raiparthi,8618.0,India,17.7042,79.6081
42719,Magam,8614.0,India,34.4595,74.2306
42720,Saidabad,8614.0,India,25.5489,85.3087
42721,Chanp,8614.0,India,26.1951,84.39
42727,Manpur,8613.0,India,22.4315,75.6211
42728,Pirojgarh,8613.0,India,26.2769,86.4389
42729,Munnad,8612.0,India,12.4667,75.1861
42731,Thirumeni,8611.0,India,12.25,75.4167
42737,Antargangi,8610.0,India,17.17,75.96
42746,Kharod,8606.0,India,21.75,82.57
42747,Teghra,8605.0,India,26.4929,86.368
42748,Achchampeta,8604.0,India,17.0941,82.3099
42754,Khaur,8603.0,India,32.8229,74.5112
42756,Pasaul,8602.0,India,26.2647,85.6756
42757,Jainagar,8602.0,India,24.3756,85.6443
42758,Silaiyampatti,8602.0,India,9.8732,77.3927
42759,Kanavaypatti,8602.0,India,10.1857,77.7347
42761,Mudichchur,8601.0,India,12.911,80.0693
42762,Shyamnagar,8601.0,India,22.97,88.38
42765,Velim,8600.0,India,15.1644,73.9759
42770,Hata,8598.0,India,25.046,83.4632
42776,Balakrishnanpatti,8596.0,India,11.2511,78.4736
42779,Amingaon,8595.0,India,26.23,91.67
42780,Pariyari,8595.0,India,25.2128,84.7829
42782,Koila,8594.0,India,25.455,86.771
42790,Kanyakulam,8591.0,India,8.2012,77.4015
42791,Āmudalapalle,8591.0,India,15.9301,80.6899
42792,Piliv,8591.0,India,17.6788,74.9664
42798,Srirangapur,8589.0,India,16.1917,78.0507
42801,Anantasagaram,8588.0,India,14.5833,79.4167
42806,Gundur,8587.0,India,10.7339,78.7184
42816,Jagta,8582.0,India,26.1321,87.1911
42839,Bandamurlanka,8576.0,India,16.4437,81.9772
42843,Kaliganj,8575.0,India,23.7348,88.2293
42846,Hosuru,8574.0,India,13.7399,77.4312
42849,Nunihat,8573.0,India,24.4843,87.1323
42850,Hale Dyamavvanahalli,8573.0,India,14.2682,76.4904
42851,Virapperumanallur,8573.0,India,11.7763,79.4466
42856,Nettadahalli,8572.0,India,12.133,78.0671
42857,Rani Sagar,8572.0,India,25.6079,84.3626
42860,Lalam,8571.0,India,9.7167,76.7
42862,Charuanwan,8570.0,India,25.1348,85.6812
42863,Shiddapur,8570.0,India,13.6903,74.9149
42864,Babhangaon,8569.0,India,25.7897,86.9767
42865,Gamail,8569.0,India,25.7062,86.9914
42867,Landupdih,8568.0,India,23.1478,85.7817
42883,Dharmajigudem,8564.0,India,16.54,81.0
42890,Navipet,8563.0,India,18.8022,77.9836
42899,Chapalamadugu,8560.0,India,16.073,79.3775
42903,Dala,8558.0,India,30.7773,75.2494
42904,Raonta,8558.0,India,30.5619,75.19
42913,Harewa,8556.0,India,25.6831,86.5909
42914,Lohna,8556.0,India,26.2314,86.2095
42917,Kodaimangalam,8554.0,India,10.4733,77.507
42918,Yaragol,8554.0,India,16.9047,77.0661
42919,Modachchur,8554.0,India,11.4415,77.4288
42925,Sakhua,8553.0,India,26.1734,86.7624
42926,Nesarg,8553.0,India,15.9069,74.774
42930,Vairichettipalaiyam,8552.0,India,11.2872,78.4893
42931,Nulvi,8552.0,India,15.2728,75.1673
42933,Sukand,8550.0,India,26.6444,78.4752
42941,Tadinada,8548.0,India,16.547,81.3219
42944,Pata Uppal,8547.0,India,18.1799,79.4762
42947,Yamkanmardi,8545.0,India,16.128,74.527
42954,Reddiyapatti,8541.0,India,10.1581,78.1901
42955,Kolumalapalle,8541.0,India,15.4774,78.1293
42967,Tsallagundla,8537.0,India,16.3522,79.9619
42968,Puran Bigha,8537.0,India,24.839,84.854
42969,Kandanati,8537.0,India,15.6997,77.4757
42972,Talwandi Chaudhrian,8536.0,India,31.3,75.1764
42973,Nangal Chaudhri,8536.0,India,27.8923,76.1122
42975,Talakulam,8535.0,India,8.1824,77.3161
42976,Guria,8535.0,India,26.1633,86.9645
42982,Karuppur,8533.0,India,10.4918,78.3296
42987,Dattapara,8532.0,India,22.8491,88.9023
42988,Mangala,8531.0,India,11.9998,76.9594
42989,Poninguinim,8531.0,India,14.9679,74.0865
42996,Keregodu,8528.0,India,12.6333,76.9167
43003,Kasap,8525.0,India,25.4702,84.6087
43004,Phopnar Kalan,8525.0,India,21.2365,76.3268
43007,Nijgaon Paranpur,8523.0,India,25.1559,87.9732
43012,Nawanagar,8521.0,India,25.3861,84.2069
43014,Medikunda,8520.0,India,15.9581,77.6095
43015,Thandewala,8520.0,India,30.472,74.5898
43016,Khutha Baijnath,8520.0,India,26.0268,87.117
43017,Kandanur,8520.0,India,10.1037,78.8254
43023,Andanappettai,8519.0,India,10.7498,79.8226
43031,Perungulam,8516.0,India,8.6413,77.9985
43032,Dodvad,8516.0,India,15.79,74.75
43034,Hathapur,8514.0,India,26.5609,86.0247
43041,Sagarpur,8512.0,India,26.2306,86.0732
43042,Darsur,8512.0,India,25.9711,85.9148
43050,Kuchai Kot,8510.0,India,26.5559,84.3292
43060,Mandalapalle,8508.0,India,14.0209,77.7511
43061,Pachrukhi,8508.0,India,26.1593,84.4087
43062,Repala,8508.0,India,15.0044,79.6953
43065,Pedda Penki,8507.0,India,18.5853,83.5069
43070,Nottampatti,8506.0,India,9.9772,77.7177
43079,Nalikkalpatti,8503.0,India,11.6021,78.134
43080,Chinaur,8503.0,India,25.9467,78.1024
43081,Munnelli,8503.0,India,14.92,78.9546
43085,Tarichar Kalan,8502.0,India,25.4118,78.89